Date;Service;Ligne;Nom de la ligne;Taux de ponctualité;Nombre de voyageurs à l'heure pour un voyageur en retard
2013-01;RER;A;RER A;83,60;5,1
2013-01;RER;B;RER B;80,10;4
2013-01;RER;C;RER C;91,90;11,3
2013-01;RER;D;RER D;77,60;3,5
2013-01;RER;E;RER E;93,30;13,9
2013-01;Transilien;H;Paris Nord Ouest;93,90;15,4
2013-01;Transilien;J;Paris Saint-Lazare Nord;82,50;4,7
2013-01;Transilien;K;Paris Nord Crépy;75,20;3
2013-01;Transilien;L;Paris Saint-Lazare Sud;84,00;5,3
2013-01;Transilien;N;Paris Montparnasse;94,70;17,9
2013-01;Transilien;P;Paris Est;85,80;6
2013-01;Transilien;R;Paris Sud Est;87,20;6,8
2013-01;Transilien;U;La Verrière - La Défense;92,30;12
2013-02;RER;A;RER A;86,20;6,2
2013-02;RER;B;RER B;80,30;4,1
2013-02;RER;C;RER C;91,80;11,2
2013-02;RER;D;RER D;79,30;3,8
2013-02;RER;E;RER E;94,70;17,9
2013-02;Transilien;H;Paris Nord Ouest;92,70;12,7
2013-02;Transilien;J;Paris Saint-Lazare Nord;88,10;7,4
2013-02;Transilien;K;Paris Nord Crépy;75,20;3
2013-02;Transilien;L;Paris Saint-Lazare Sud;82,10;4,6
2013-02;Transilien;N;Paris Montparnasse;93,30;13,9
2013-02;Transilien;P;Paris Est;89,40;8,4
2013-02;Transilien;R;Paris Sud Est;88,20;7,5
2013-02;Transilien;U;La Verrière - La Défense;91,70;11
2013-03;RER;A;RER A;84,00;5,3
2013-03;RER;B;RER B;82,70;4,8
2013-03;RER;C;RER C;87,60;7,1
2013-03;RER;D;RER D;80,00;4
2013-03;RER;E;RER E;92,90;13,1
2013-03;Transilien;H;Paris Nord Ouest;92,30;12
2013-03;Transilien;J;Paris Saint-Lazare Nord;84,20;5,3
2013-03;Transilien;K;Paris Nord Crépy;77,30;3,4
2013-03;Transilien;L;Paris Saint-Lazare Sud;81,80;4,5
2013-03;Transilien;N;Paris Montparnasse;89,10;8,2
2013-03;Transilien;P;Paris Est;89,00;8,1
2013-03;Transilien;R;Paris Sud Est;89,20;8,3
2013-03;Transilien;U;La Verrière - La Défense;89,20;8,3
2013-04;RER;A;RER A;83,30;5
2013-04;RER;B;RER B;86,40;6,4
2013-04;RER;C;RER C;88,70;7,8
2013-04;RER;D;RER D;82,90;4,8
2013-04;RER;E;RER E;96,20;25,3
2013-04;Transilien;H;Paris Nord Ouest;94,60;17,5
2013-04;Transilien;J;Paris Saint-Lazare Nord;85,00;5,7
2013-04;Transilien;K;Paris Nord Crépy;82,00;4,6
2013-04;Transilien;L;Paris Saint-Lazare Sud;84,40;5,4
2013-04;Transilien;N;Paris Montparnasse;90,20;9,2
2013-04;Transilien;P;Paris Est;92,70;12,7
2013-04;Transilien;R;Paris Sud Est;89,30;8,3
2013-04;Transilien;U;La Verrière - La Défense;90,10;9,1
2013-05;RER;A;RER A;86,40;6,4
2013-05;RER;B;RER B;84,00;5,3
2013-05;RER;C;RER C;92,30;12
2013-05;RER;D;RER D;87,10;6,8
2013-05;RER;E;RER E;95,50;21,2
2013-05;Transilien;H;Paris Nord Ouest;95,90;23,4
2013-05;Transilien;J;Paris Saint-Lazare Nord;91,50;10,8
2013-05;Transilien;K;Paris Nord Crépy;81,30;4,3
2013-05;Transilien;L;Paris Saint-Lazare Sud;90,60;9,6
2013-05;Transilien;N;Paris Montparnasse;96,10;24,6
2013-05;Transilien;P;Paris Est;90,40;9,4
2013-05;Transilien;R;Paris Sud Est;93,00;13,3
2013-05;Transilien;U;La Verrière - La Défense;95,30;20,3
2013-06;RER;A;RER A;83,40;5
2013-06;RER;B;RER B;82,20;4,6
2013-06;RER;C;RER C;90,30;9,3
2013-06;RER;D;RER D;85,10;5,7
2013-06;RER;E;RER E;93,90;15,4
2013-06;Transilien;H;Paris Nord Ouest;94,10;15,9
2013-06;Transilien;J;Paris Saint-Lazare Nord;83,50;5,1
2013-06;Transilien;K;Paris Nord Crépy;71,90;2,6
2013-06;Transilien;L;Paris Saint-Lazare Sud;82,30;4,6
2013-06;Transilien;N;Paris Montparnasse;93,90;15,4
2013-06;Transilien;P;Paris Est;89,40;8,4
2013-06;Transilien;R;Paris Sud Est;89,50;8,5
2013-06;Transilien;U;La Verrière - La Défense;93,20;13,7
2013-07;RER;A;RER A;83,20;5
2013-07;RER;B;RER B;84,10;5,3
2013-07;RER;C;RER C;90,80;9,9
2013-07;RER;D;RER D;85,20;5,8
2013-07;RER;E;RER E;94,00;15,7
2013-07;Transilien;H;Paris Nord Ouest;94,40;16,9
2013-07;Transilien;J;Paris Saint-Lazare Nord;87,00;6,7
2013-07;Transilien;K;Paris Nord Crépy;85,10;5,7
2013-07;Transilien;L;Paris Saint-Lazare Sud;87,20;6,8
2013-07;Transilien;N;Paris Montparnasse;93,20;13,7
2013-07;Transilien;P;Paris Est;90,10;9,1
2013-07;Transilien;R;Paris Sud Est;88,50;7,7
2013-07;Transilien;U;La Verrière - La Défense;94,30;16,5
2013-08;RER;A;RER A;88,90;8
2013-08;RER;B;RER B;89,90;8,9
2013-08;RER;C;RER C;93,40;14,2
2013-08;RER;D;RER D;90,40;9,4
2013-08;RER;E;RER E;95,40;20,7
2013-08;Transilien;H;Paris Nord Ouest;95,40;20,7
2013-08;Transilien;J;Paris Saint-Lazare Nord;89,20;8,3
2013-08;Transilien;K;Paris Nord Crépy;88,30;7,5
2013-08;Transilien;L;Paris Saint-Lazare Sud;89,90;8,9
2013-08;Transilien;N;Paris Montparnasse;96,00;24
2013-08;Transilien;P;Paris Est;92,10;11,7
2013-08;Transilien;R;Paris Sud Est;92,00;11,5
2013-08;Transilien;U;La Verrière - La Défense;95,30;20,3
2013-09;RER;A;RER A;83,30;5
2013-09;RER;B;RER B;86,60;6,5
2013-09;RER;C;RER C;93,10;13,5
2013-09;RER;D;RER D;83,10;4,9
2013-09;RER;E;RER E;96,80;30,3
2013-09;Transilien;H;Paris Nord Ouest;95,40;20,7
2013-09;Transilien;J;Paris Saint-Lazare Nord;88,80;7,9
2013-09;Transilien;K;Paris Nord Crépy;86,00;6,1
2013-09;Transilien;L;Paris Saint-Lazare Sud;84,90;5,6
2013-09;Transilien;N;Paris Montparnasse;92,70;12,7
2013-09;Transilien;P;Paris Est;88,00;7,3
2013-09;Transilien;R;Paris Sud Est;89,60;8,6
2013-09;Transilien;U;La Verrière - La Défense;92,90;13,1
2013-10;RER;A;RER A;83,10;4,9
2013-10;RER;B;RER B;80,70;4,2
2013-10;RER;C;RER C;85,60;5,9
2013-10;RER;D;RER D;79,60;3,9
2013-10;RER;E;RER E;95,20;19,8
2013-10;Transilien;H;Paris Nord Ouest;94,20;16,2
2013-10;Transilien;J;Paris Saint-Lazare Nord;83,20;5
2013-10;Transilien;K;Paris Nord Crépy;81,20;4,3
2013-10;Transilien;L;Paris Saint-Lazare Sud;82,00;4,6
2013-10;Transilien;N;Paris Montparnasse;92,60;12,5
2013-10;Transilien;P;Paris Est;87,30;6,9
2013-10;Transilien;R;Paris Sud Est;89,40;8,4
2013-10;Transilien;U;La Verrière - La Défense;91,60;10,9
2013-11;RER;A;RER A;80,90;4,2
2013-11;RER;B;RER B;77,90;3,5
2013-11;RER;C;RER C;85,50;5,9
2013-11;RER;D;RER D;76,90;3,3
2013-11;RER;E;RER E;92,00;11,5
2013-11;Transilien;H;Paris Nord Ouest;93,10;13,5
2013-11;Transilien;J;Paris Saint-Lazare Nord;80,70;4,2
2013-11;Transilien;K;Paris Nord Crépy;77,70;3,5
2013-11;Transilien;L;Paris Saint-Lazare Sud;77,80;3,5
2013-11;Transilien;N;Paris Montparnasse;88,10;7,4
2013-11;Transilien;P;Paris Est;82,80;4,8
2013-11;Transilien;R;Paris Sud Est;82,50;4,7
2013-11;Transilien;U;La Verrière - La Défense;88,40;7,6
2013-12;RER;A;RER A;81,20;4,3
2013-12;RER;B;RER B;82,40;4,7
2013-12;RER;C;RER C;90,90;10
2013-12;RER;D;RER D;85,50;5,9
2013-12;RER;E;RER E;94,90;18,6
2013-12;Transilien;H;Paris Nord Ouest;94,70;17,9
2013-12;Transilien;J;Paris Saint-Lazare Nord;84,40;5,4
2013-12;Transilien;K;Paris Nord Crépy;83,10;4,9
2013-12;Transilien;L;Paris Saint-Lazare Sud;83,00;4,9
2013-12;Transilien;N;Paris Montparnasse;92,80;12,9
2013-12;Transilien;P;Paris Est;91,00;10,1
2013-12;Transilien;R;Paris Sud Est;90,20;9,2
2013-12;Transilien;U;La Verrière - La Défense;90,60;9,6
2014-01;RER;A;RER A;81,10;4,3
2014-01;RER;B;RER B;81,30;4,3
2014-01;RER;C;RER C;91,40;10,6
2014-01;RER;D;RER D;86,00;6,1
2014-01;RER;E;RER E;93,60;14,6
2014-01;Transilien;H;Paris Nord Ouest;95,90;23,4
2014-01;Transilien;J;Paris Saint-Lazare Nord;82,00;4,6
2014-01;Transilien;K;Paris Nord Crépy;76,60;3,3
2014-01;Transilien;L;Paris Saint-Lazare Sud;82,30;4,6
2014-01;Transilien;N;Paris Montparnasse;96,10;24,6
2014-01;Transilien;P;Paris Est;91,00;10,1
2014-01;Transilien;R;Paris Sud Est;89,70;8,7
2014-01;Transilien;U;La Verrière - La Défense;93,20;13,7
2014-02;RER;A;RER A;85,70;6
2014-02;RER;B;RER B;88,90;8
2014-02;RER;C;RER C;90,80;9,9
2014-02;RER;D;RER D;88,20;7,5
2014-02;RER;E;RER E;95,00;19
2014-02;Transilien;H;Paris Nord Ouest;96,10;24,6
2014-02;Transilien;J;Paris Saint-Lazare Nord;85,40;5,8
2014-02;Transilien;K;Paris Nord Crépy;84,40;5,4
2014-02;Transilien;L;Paris Saint-Lazare Sud;83,10;4,9
2014-02;Transilien;N;Paris Montparnasse;95,10;19,4
2014-02;Transilien;P;Paris Est;90,40;9,4
2014-02;Transilien;R;Paris Sud Est;85,30;5,8
2014-02;Transilien;U;La Verrière - La Défense;92,20;11,8
2014-03;RER;A;RER A;83,30;5
2014-03;RER;B;RER B;87,90;7,3
2014-03;RER;C;RER C;91,50;10,8
2014-03;RER;D;RER D;87,90;7,3
2014-03;RER;E;RER E;94,40;16,9
2014-03;Transilien;H;Paris Nord Ouest;96,40;26,8
2014-03;Transilien;J;Paris Saint-Lazare Nord;87,10;6,8
2014-03;Transilien;K;Paris Nord Crépy;87,90;7,3
2014-03;Transilien;L;Paris Saint-Lazare Sud;88,20;7,5
2014-03;Transilien;N;Paris Montparnasse;95,40;20,7
2014-03;Transilien;P;Paris Est;88,80;7,9
2014-03;Transilien;R;Paris Sud Est;91,50;10,8
2014-03;Transilien;U;La Verrière - La Défense;94,00;15,7
2014-04;RER;A;RER A;85,70;6
2014-04;RER;B;RER B;88,50;7,7
2014-04;RER;C;RER C;91,60;10,9
2014-04;RER;D;RER D;88,50;7,7
2014-04;RER;E;RER E;93,90;15,4
2014-04;Transilien;H;Paris Nord Ouest;95,70;22,3
2014-04;Transilien;J;Paris Saint-Lazare Nord;88,90;8
2014-04;Transilien;K;Paris Nord Crépy;87,00;6,7
2014-04;Transilien;L;Paris Saint-Lazare Sud;86,70;6,5
2014-04;Transilien;N;Paris Montparnasse;95,80;22,8
2014-04;Transilien;P;Paris Est;87,90;7,3
2014-04;Transilien;R;Paris Sud Est;88,50;7,7
2014-04;Transilien;U;La Verrière - La Défense;94,50;17,2
2014-05;RER;A;RER A;87,60;7,1
2014-05;RER;B;RER B;89,40;8,4
2014-05;RER;C;RER C;91,70;11
2014-05;RER;D;RER D;85,90;6,1
2014-05;RER;E;RER E;93,30;13,9
2014-05;Transilien;H;Paris Nord Ouest;96,90;31,3
2014-05;Transilien;J;Paris Saint-Lazare Nord;87,10;6,8
2014-05;Transilien;K;Paris Nord Crépy;91,90;11,3
2014-05;Transilien;L;Paris Saint-Lazare Sud;88,80;7,9
2014-05;Transilien;N;Paris Montparnasse;96,10;24,6
2014-05;Transilien;P;Paris Est;92,70;12,7
2014-05;Transilien;R;Paris Sud Est;89,70;8,7
2014-05;Transilien;U;La Verrière - La Défense;94,00;15,7
2014-06;RER;A;RER A;72,60;2,6
2014-06;RER;B;RER B;;0
2014-06;RER;C;RER C;87,30;6,9
2014-06;RER;D;RER D;85,20;5,8
2014-06;RER;E;RER E;95,40;20,7
2014-06;Transilien;H;Paris Nord Ouest;93,90;15,4
2014-06;Transilien;J;Paris Saint-Lazare Nord;84,90;5,6
2014-06;Transilien;K;Paris Nord Crépy;79,60;3,9
2014-06;Transilien;L;Paris Saint-Lazare Sud;84,00;5,3
2014-06;Transilien;N;Paris Montparnasse;94,70;17,9
2014-06;Transilien;P;Paris Est;89,40;8,4
2014-06;Transilien;R;Paris Sud Est;86,10;6,2
2014-06;Transilien;U;La Verrière - La Défense;95,50;21,2
2014-07;RER;A;RER A;70,50;2,4
2014-07;RER;B;RER B;86,90;6,6
2014-07;RER;C;RER C;83,90;5,2
2014-07;RER;D;RER D;86,60;6,5
2014-07;RER;E;RER E;92,50;12,3
2014-07;Transilien;H;Paris Nord Ouest;93,10;13,5
2014-07;Transilien;J;Paris Saint-Lazare Nord;85,90;6,1
2014-07;Transilien;K;Paris Nord Crépy;87,60;7,1
2014-07;Transilien;L;Paris Saint-Lazare Sud;85,50;5,9
2014-07;Transilien;N;Paris Montparnasse;94,20;16,2
2014-07;Transilien;P;Paris Est;88,10;7,4
2014-07;Transilien;R;Paris Sud Est;89,70;8,7
2014-07;Transilien;U;La Verrière - La Défense;93,30;13,9
2014-08;RER;A;RER A;81,20;4,3
2014-08;RER;B;RER B;90,70;9,8
2014-08;RER;C;RER C;93,90;15,4
2014-08;RER;D;RER D;92,00;11,5
2014-08;RER;E;RER E;96,00;24
2014-08;Transilien;H;Paris Nord Ouest;95,50;21,2
2014-08;Transilien;J;Paris Saint-Lazare Nord;87,40;6,9
2014-08;Transilien;K;Paris Nord Crépy;91,30;10,5
2014-08;Transilien;L;Paris Saint-Lazare Sud;92,00;11,5
2014-08;Transilien;N;Paris Montparnasse;94,00;15,7
2014-08;Transilien;P;Paris Est;92,60;12,5
2014-08;Transilien;R;Paris Sud Est;93,20;13,7
2014-08;Transilien;U;La Verrière - La Défense;95,40;20,7
2014-09;RER;A;RER A;70,90;2,4
2014-09;RER;B;RER B;87,40;6,9
2014-09;RER;C;RER C;92,90;13,1
2014-09;RER;D;RER D;87,00;6,7
2014-09;RER;E;RER E;96,00;24
2014-09;Transilien;H;Paris Nord Ouest;96,30;26
2014-09;Transilien;J;Paris Saint-Lazare Nord;84,60;5,5
2014-09;Transilien;K;Paris Nord Crépy;92,10;11,7
2014-09;Transilien;L;Paris Saint-Lazare Sud;85,70;6
2014-09;Transilien;N;Paris Montparnasse;91,60;10,9
2014-09;Transilien;P;Paris Est;93,50;14,4
2014-09;Transilien;R;Paris Sud Est;88,90;8
2014-09;Transilien;U;La Verrière - La Défense;95,90;23,4
2014-10;RER;A;RER A;68,80;2,2
2014-10;RER;B;RER B;85,50;5,9
2014-10;RER;C;RER C;84,10;5,3
2014-10;RER;D;RER D;81,40;4,4
2014-10;RER;E;RER E;94,00;15,7
2014-10;Transilien;H;Paris Nord Ouest;93,70;14,9
2014-10;Transilien;J;Paris Saint-Lazare Nord;83,40;5
2014-10;Transilien;K;Paris Nord Crépy;86,50;6,4
2014-10;Transilien;L;Paris Saint-Lazare Sud;82,40;4,7
2014-10;Transilien;N;Paris Montparnasse;91,00;10,1
2014-10;Transilien;P;Paris Est;90,70;9,8
2014-10;Transilien;R;Paris Sud Est;77,90;3,5
2014-10;Transilien;U;La Verrière - La Défense;93,60;14,6
2014-11;RER;A;RER A;69,80;2,3
2014-11;RER;B;RER B;86,10;6,2
2014-11;RER;C;RER C;86,74;6,5
2014-11;RER;D;RER D;84,78;5,6
2014-11;RER;E;RER E;95,67;22,1
2014-11;Transilien;H;Paris Nord Ouest;94,75;18
2014-11;Transilien;J;Paris Saint-Lazare Nord;85,78;6
2014-11;Transilien;K;Paris Nord Crépy;84,57;5,5
2014-11;Transilien;L;Paris Saint-Lazare Sud;81,31;4,4
2014-11;Transilien;N;Paris Montparnasse;91,45;10,7
2014-11;Transilien;P;Paris Est;87,28;6,9
2014-11;Transilien;R;Paris Sud Est;84,88;5,6
2014-11;Transilien;U;La Verrière - La Défense;88,86;8
2014-12;RER;A;RER A;67,30;2,1
2014-12;RER;B;RER B;84,60;5,5
2014-12;RER;C;RER C;89,30;8,3
2014-12;RER;D;RER D;84,20;5,3
2014-12;RER;E;RER E;92,70;12,7
2014-12;Transilien;H;Paris Nord Ouest;94,10;15,9
2014-12;Transilien;J;Paris Saint-Lazare Nord;84,30;5,4
2014-12;Transilien;K;Paris Nord Crépy;83,60;5,1
2014-12;Transilien;L;Paris Saint-Lazare Sud;80,40;4,1
2014-12;Transilien;N;Paris Montparnasse;94,00;15,7
2014-12;Transilien;P;Paris Est;88,70;7,8
2014-12;Transilien;R;Paris Sud Est;87,60;7,1
2014-12;Transilien;U;La Verrière - La Défense;91,80;11,2
2015-01;RER;A;RER A;74,50;2,9
2015-01;RER;B;RER B;88,50;7,7
2015-01;RER;C;RER C;91,40;10,6
2015-01;RER;D;RER D;86,56;6,4
2015-01;RER;E;RER E;94,91;18,6
2015-01;Transilien;H;Paris Nord Ouest;95,57;21,5
2015-01;Transilien;J;Paris Saint-Lazare Nord;87,23;6,8
2015-01;Transilien;K;Paris Nord Crépy;87,18;6,8
2015-01;Transilien;L;Paris Saint-Lazare Sud;82,14;4,6
2015-01;Transilien;N;Paris Montparnasse;93,89;15,4
2015-01;Transilien;P;Paris Est;90,95;10
2015-01;Transilien;R;Paris Sud Est;89,23;8,3
2015-01;Transilien;U;La Verrière - La Défense;94,67;17,8
2015-02;RER;A;RER A;73,10;2,7
2015-02;RER;B;RER B;85,40;5,8
2015-02;RER;C;RER C;91,61;10,9
2015-02;RER;D;RER D;87,64;7,1
2015-02;RER;E;RER E;94,07;15,9
2015-02;Transilien;H;Paris Nord Ouest;94,18;16,2
2015-02;Transilien;J;Paris Saint-Lazare Nord;85,06;5,7
2015-02;Transilien;K;Paris Nord Crépy;85,09;5,7
2015-02;Transilien;L;Paris Saint-Lazare Sud;81,82;4,5
2015-02;Transilien;N;Paris Montparnasse;93,77;15,1
2015-02;Transilien;P;Paris Est;92,77;12,8
2015-02;Transilien;R;Paris Sud Est;91,22;10,4
2015-02;Transilien;U;La Verrière - La Défense;91,45;10,7
2015-03;RER;A;RER A;71,96;2,6
2015-03;RER;B;RER B;89,85;8,9
2015-03;RER;C;RER C;88,92;8
2015-03;RER;D;RER D;86,31;6,3
2015-03;RER;E;RER E;96,33;26,2
2015-03;Transilien;H;Paris Nord Ouest;96,06;24,4
2015-03;Transilien;J;Paris Saint-Lazare Nord;87,50;7
2015-03;Transilien;K;Paris Nord Crépy;88,12;7,4
2015-03;Transilien;L;Paris Saint-Lazare Sud;82,90;4,8
2015-03;Transilien;N;Paris Montparnasse;94,75;18,1
2015-03;Transilien;P;Paris Est;93,25;13,8
2015-03;Transilien;R;Paris Sud Est;90,35;9,4
2015-03;Transilien;U;La Verrière - La Défense;95,92;23,5
2015-04;RER;A;RER A;71,98;2,6
2015-04;RER;B;RER B;86,17;6,2
2015-04;RER;C;RER C;89,28;8,3
2015-04;RER;D;RER D;86,56;6,4
2015-04;RER;E;RER E;90,54;9,6
2015-04;Transilien;H;Paris Nord Ouest;95,08;19,3
2015-04;Transilien;J;Paris Saint-Lazare Nord;90,79;9,9
2015-04;Transilien;K;Paris Nord Crépy;86,19;6,2
2015-04;Transilien;L;Paris Saint-Lazare Sud;81,75;4,5
2015-04;Transilien;N;Paris Montparnasse;93,91;15,4
2015-04;Transilien;P;Paris Est;87,96;7,3
2015-04;Transilien;R;Paris Sud Est;86,12;6,2
2015-04;Transilien;U;La Verrière - La Défense;93,17;13,6
2015-05;RER;A;RER A;71,22;2,5
2015-05;RER;B;RER B;87,00;6,7
2015-05;RER;C;RER C;91,45;10,7
2015-05;RER;D;RER D;86,38;6,3
2015-05;RER;E;RER E;95,99;23,9
2015-05;Transilien;H;Paris Nord Ouest;95,94;23,6
2015-05;Transilien;J;Paris Saint-Lazare Nord;90,93;10
2015-05;Transilien;K;Paris Nord Crépy;91,38;10,6
2015-05;Transilien;L;Paris Saint-Lazare Sud;85,84;6,1
2015-05;Transilien;N;Paris Montparnasse;93,78;15,1
2015-05;Transilien;P;Paris Est;92,70;12,7
2015-05;Transilien;R;Paris Sud Est;85,63;6
2015-05;Transilien;U;La Verrière - La Défense;94,94;18,8
2015-06;RER;A;RER A;71,15;2,5
2015-06;RER;B;RER B;84,97;5,7
2015-06;RER;C;RER C;86,17;6,2
2015-06;RER;D;RER D;82,81;4,8
2015-06;RER;E;RER E;93,06;13,4
2015-06;Transilien;H;Paris Nord Ouest;92,32;12
2015-06;Transilien;J;Paris Saint-Lazare Nord;88,97;8,1
2015-06;Transilien;K;Paris Nord Crépy;90,04;9
2015-06;Transilien;L;Paris Saint-Lazare Sud;82,64;4,8
2015-06;Transilien;N;Paris Montparnasse;87,84;7,2
2015-06;Transilien;P;Paris Est;88,84;8
2015-06;Transilien;R;Paris Sud Est;85,19;5,8
2015-06;Transilien;U;La Verrière - La Défense;93,66;14,8
2015-07;RER;A;RER A;73,10;2,7
2015-07;RER;B;RER B;90,90;10
2015-07;RER;C;RER C;88,30;7,5
2015-07;RER;D;RER D;87,70;7,1
2015-07;RER;E;RER E;93,50;14,4
2015-07;Transilien;H;Paris Nord Ouest;92,80;12,9
2015-07;Transilien;J;Paris Saint-Lazare Nord;86,90;6,6
2015-07;Transilien;K;Paris Nord Crépy;89,40;8,4
2015-07;Transilien;L;Paris Saint-Lazare Sud;78,50;3,7
2015-07;Transilien;N;Paris Montparnasse;90,60;9,6
2015-07;Transilien;P;Paris Est;90,10;9,1
2015-07;Transilien;R;Paris Sud Est;88,80;7,9
2015-07;Transilien;U;La Verrière - La Défense;92,30;12
2015-08;RER;A;RER A;83,00;4,9
2015-08;RER;B;RER B;92,92;13,1
2015-08;RER;C;RER C;93,10;13,5
2015-08;RER;D;RER D;91,50;10,8
2015-08;RER;E;RER E;94,70;17,9
2015-08;Transilien;H;Paris Nord Ouest;96,30;26
2015-08;Transilien;J;Paris Saint-Lazare Nord;90,00;9
2015-08;Transilien;K;Paris Nord Crépy;87,60;7,1
2015-08;Transilien;L;Paris Saint-Lazare Sud;89,90;8,9
2015-08;Transilien;N;Paris Montparnasse;96,30;26
2015-08;Transilien;P;Paris Est;90,80;9,9
2015-08;Transilien;R;Paris Sud Est;91,20;10,4
2015-08;Transilien;U;La Verrière - La Défense;95,90;23,4
2015-09;RER;A;RER A;70,00;2,3
2015-09;RER;B;RER B;89,36;8,4
2015-09;RER;C;RER C;90,69;9,7
2015-09;RER;D;RER D;87,08;6,7
2015-09;RER;E;RER E;89,90;8,9
2015-09;Transilien;H;Paris Nord Ouest;95,66;22
2015-09;Transilien;J;Paris Saint-Lazare Nord;85,14;5,7
2015-09;Transilien;K;Paris Nord Crépy;87,90;7,3
2015-09;Transilien;L;Paris Saint-Lazare Sud;84,19;5,3
2015-09;Transilien;N;Paris Montparnasse;92,97;13,2
2015-09;Transilien;P;Paris Est;86,05;6,2
2015-09;Transilien;R;Paris Sud Est;89,62;8,6
2015-09;Transilien;U;La Verrière - La Défense;92,79;12,9
2015-10;RER;A;RER A;65,83;1,9
2015-10;RER;B;RER B;89,98;9
2015-10;RER;C;RER C;88,03;7,4
2015-10;RER;D;RER D;84,20;5,3
2015-10;RER;E;RER E;94,99;18,9
2015-10;Transilien;H;Paris Nord Ouest;93,51;14,4
2015-10;Transilien;J;Paris Saint-Lazare Nord;87,99;7,3
2015-10;Transilien;K;Paris Nord Crépy;90,21;9,2
2015-10;Transilien;L;Paris Saint-Lazare Sud;82,69;4,8
2015-10;Transilien;N;Paris Montparnasse;87,45;7
2015-10;Transilien;P;Paris Est;90,73;9,8
2015-10;Transilien;R;Paris Sud Est;85,05;5,7
2015-10;Transilien;U;La Verrière - La Défense;91,46;10,7
2015-11;RER;A;RER A;67,10;2
2015-11;RER;B;RER B;86,60;6,5
2015-11;RER;C;RER C;85,80;6
2015-11;RER;D;RER D;81,60;4,4
2015-11;RER;E;RER E;92,90;13,1
2015-11;Transilien;H;Paris Nord Ouest;94,30;16,5
2015-11;Transilien;J;Paris Saint-Lazare Nord;88,30;7,5
2015-11;Transilien;K;Paris Nord Crépy;85,00;5,7
2015-11;Transilien;L;Paris Saint-Lazare Sud;80,60;4,2
2015-11;Transilien;N;Paris Montparnasse;88,50;7,7
2015-11;Transilien;P;Paris Est;87,90;7,3
2015-11;Transilien;R;Paris Sud Est;82,20;4,6
2015-11;Transilien;U;La Verrière - La Défense;90,50;9,5
2015-12;RER;A;RER A;70,16;2,4
2015-12;RER;B;RER B;88,00;7,3
2015-12;RER;C;RER C;90,30;9,3
2015-12;RER;D;RER D;88,50;7,7
2015-12;RER;E;RER E;95,50;21,2
2015-12;Transilien;H;Paris Nord Ouest;96,20;25,3
2015-12;Transilien;J;Paris Saint-Lazare Nord;89,70;8,7
2015-12;Transilien;K;Paris Nord Crépy;85,90;6,1
2015-12;Transilien;L;Paris Saint-Lazare Sud;88,10;7,4
2015-12;Transilien;N;Paris Montparnasse;92,60;12,5
2015-12;Transilien;P;Paris Est;92,50;12,3
2015-12;Transilien;R;Paris Sud Est;86,90;6,6
2015-12;Transilien;U;La Verrière - La Défense;92,90;13,1
2016-01;RER;A;RER A;69,10;2,2
2016-01;RER;B;RER B;85,50;5,9
2016-01;RER;C;RER C;89,90;8,9
2016-01;RER;D;RER D;81,40;4,4
2016-01;RER;E;RER E;95,10;19,4
2016-01;Transilien;H;Paris Nord Ouest;95,70;22,3
2016-01;Transilien;J;Paris Saint-Lazare Nord;91,60;10,9
2016-01;Transilien;K;Paris Nord Crépy;81,50;4,4
2016-01;Transilien;L;Paris Saint-Lazare Sud;89,00;8,1
2016-01;Transilien;N;Paris Montparnasse;92,10;11,7
2016-01;Transilien;P;Paris Est;89,50;8,5
2016-01;Transilien;R;Paris Sud Est;87,20;6,8
2016-01;Transilien;U;La Verrière - La Défense;94,10;15,9
2016-02;RER;A;RER A;71,70;2,5
2016-02;RER;B;RER B;86,90;6,6
2016-02;RER;C;RER C;88,50;7,7
2016-02;RER;D;RER D;86,70;6,5
2016-02;RER;E;RER E;93,10;13,5
2016-02;Transilien;H;Paris Nord Ouest;95,10;19,4
2016-02;Transilien;J;Paris Saint-Lazare Nord;91,50;10,8
2016-02;Transilien;K;Paris Nord Crépy;85,50;5,9
2016-02;Transilien;L;Paris Saint-Lazare Sud;89,40;8,4
2016-02;Transilien;N;Paris Montparnasse;93,70;14,9
2016-02;Transilien;P;Paris Est;88,10;7,4
2016-02;Transilien;R;Paris Sud Est;88,10;7,4
2016-02;Transilien;U;La Verrière - La Défense;96,80;30,3
2016-03;RER;A;RER A;72,20;2,6
2016-03;RER;B;RER B;89,50;8,5
2016-03;RER;C;RER C;88,30;7,5
2016-03;RER;D;RER D;84,30;5,4
2016-03;RER;E;RER E;95,70;22,3
2016-03;Transilien;H;Paris Nord Ouest;92,70;12,7
2016-03;Transilien;J;Paris Saint-Lazare Nord;91,10;10,2
2016-03;Transilien;K;Paris Nord Crépy;85,80;6
2016-03;Transilien;L;Paris Saint-Lazare Sud;89,90;8,9
2016-03;Transilien;N;Paris Montparnasse;93,20;13,7
2016-03;Transilien;P;Paris Est;89,20;8,3
2016-03;Transilien;R;Paris Sud Est;90,80;9,9
2016-03;Transilien;U;La Verrière - La Défense;93,50;14,4
2016-04;RER;A;RER A;72,60;2,6
2016-04;RER;B;RER B;90,10;9,1
2016-04;RER;C;RER C;90,60;9,6
2016-04;RER;D;RER D;89,20;8,3
2016-04;RER;E;RER E;93,70;14,9
2016-04;Transilien;H;Paris Nord Ouest;96,40;26,8
2016-04;Transilien;J;Paris Saint-Lazare Nord;91,00;10,1
2016-04;Transilien;K;Paris Nord Crépy;89,80;8,8
2016-04;Transilien;L;Paris Saint-Lazare Sud;89,40;8,4
2016-04;Transilien;N;Paris Montparnasse;94,30;16,5
2016-04;Transilien;P;Paris Est;89,40;8,4
2016-04;Transilien;R;Paris Sud Est;90,10;9,1
2016-04;Transilien;U;La Verrière - La Défense;95,80;22,8
2016-05;RER;A;RER A;75,30;3
2016-05;RER;B;RER B;86,00;6,1
2016-05;RER;C;RER C;88,60;7,8
2016-05;RER;D;RER D;85,70;6
2016-05;RER;E;RER E;91,00;10,1
2016-05;Transilien;H;Paris Nord Ouest;96,10;24,6
2016-05;Transilien;J;Paris Saint-Lazare Nord;87,70;7,1
2016-05;Transilien;K;Paris Nord Crépy;92,30;12
2016-05;Transilien;L;Paris Saint-Lazare Sud;87,30;6,9
2016-05;Transilien;N;Paris Montparnasse;89,90;8,9
2016-05;Transilien;P;Paris Est;88,00;7,3
2016-05;Transilien;R;Paris Sud Est;81,10;4,3
2016-05;Transilien;U;La Verrière - La Défense;93,50;14,4
2016-06;RER;A;RER A;70,70;2,4
2016-06;RER;B;RER B;88,10;7,4
2016-06;RER;C;RER C;88,10;7,4
2016-06;RER;D;RER D;83,00;4,9
2016-06;RER;E;RER E;93,00;13,3
2016-06;Transilien;H;Paris Nord Ouest;93,80;15,1
2016-06;Transilien;J;Paris Saint-Lazare Nord;90,50;9,5
2016-06;Transilien;K;Paris Nord Crépy;89,40;8,4
2016-06;Transilien;L;Paris Saint-Lazare Sud;88,30;7,5
2016-06;Transilien;N;Paris Montparnasse;80,30;4,1
2016-06;Transilien;P;Paris Est;90,10;9,1
2016-06;Transilien;R;Paris Sud Est;84,50;5,5
2016-06;Transilien;U;La Verrière - La Défense;91,00;10,1
2016-07;RER;A;RER A;73,00;2,7
2016-07;RER;B;RER B;87,80;7,2
2016-07;RER;C;RER C;86,40;6,4
2016-07;RER;D;RER D;85,80;6
2016-07;RER;E;RER E;89,90;8,9
2016-07;Transilien;H;Paris Nord Ouest;91,80;11,2
2016-07;Transilien;J;Paris Saint-Lazare Nord;87,20;6,8
2016-07;Transilien;K;Paris Nord Crépy;86,90;6,6
2016-07;Transilien;L;Paris Saint-Lazare Sud;87,60;7,1
2016-07;Transilien;N;Paris Montparnasse;94,70;17,9
2016-07;Transilien;P;Paris Est;86,40;6,4
2016-07;Transilien;R;Paris Sud Est;86,70;6,5
2016-07;Transilien;U;La Verrière - La Défense;96,50;27,6
2016-08;RER;A;RER A;82,30;4,6
2016-08;RER;B;RER B;93,19;13,7
2016-08;RER;C;RER C;90,30;9,3
2016-08;RER;D;RER D;89,80;8,8
2016-08;RER;E;RER E;92,70;12,7
2016-08;Transilien;H;Paris Nord Ouest;95,10;19,4
2016-08;Transilien;J;Paris Saint-Lazare Nord;86,30;6,3
2016-08;Transilien;K;Paris Nord Crépy;89,40;8,4
2016-08;Transilien;L;Paris Saint-Lazare Sud;87,80;7,2
2016-08;Transilien;N;Paris Montparnasse;92,00;11,5
2016-08;Transilien;P;Paris Est;87,60;7,1
2016-08;Transilien;R;Paris Sud Est;89,40;8,4
2016-08;Transilien;U;La Verrière - La Défense;93,20;13,7
2016-09;RER;A;RER A;70,90;2,4
2016-09;RER;B;RER B;87,80;7,2
2016-09;RER;C;RER C;88,60;7,8
2016-09;RER;D;RER D;85,80;6
2016-09;RER;E;RER E;94,40;16,9
2016-09;Transilien;H;Paris Nord Ouest;96,40;26,8
2016-09;Transilien;J;Paris Saint-Lazare Nord;92,10;11,7
2016-09;Transilien;K;Paris Nord Crépy;96,30;26
2016-09;Transilien;L;Paris Saint-Lazare Sud;90,70;9,8
2016-09;Transilien;N;Paris Montparnasse;90,80;9,9
2016-09;Transilien;P;Paris Est;93,00;13,3
2016-09;Transilien;R;Paris Sud Est;87,40;6,9
2016-09;Transilien;U;La Verrière - La Défense;92,40;12,2
2016-10;RER;A;RER A;70,60;2,4
2016-10;RER;B;RER B;83,70;5,1
2016-10;RER;C;RER C;89,20;8,3
2016-10;RER;D;RER D;84,90;5,6
2016-10;RER;E;RER E;93,00;13,3
2016-10;Transilien;H;Paris Nord Ouest;95,60;21,7
2016-10;Transilien;J;Paris Saint-Lazare Nord;90,70;9,8
2016-10;Transilien;K;Paris Nord Crépy;95,40;20,7
2016-10;Transilien;L;Paris Saint-Lazare Sud;88,20;7,5
2016-10;Transilien;N;Paris Montparnasse;93,70;14,9
2016-10;Transilien;P;Paris Est;90,70;9,8
2016-10;Transilien;R;Paris Sud Est;83,10;4,9
2016-10;Transilien;U;La Verrière - La Défense;94,60;17,5
2016-11;RER;A;RER A;65,90;1,9
2016-11;RER;B;RER B;82,00;4,6
2016-11;RER;C;RER C;86,40;6,4
2016-11;RER;D;RER D;83,40;5
2016-11;RER;E;RER E;93,00;13,3
2016-11;Transilien;H;Paris Nord Ouest;94,40;16,9
2016-11;Transilien;J;Paris Saint-Lazare Nord;86,40;6,4
2016-11;Transilien;K;Paris Nord Crépy;96,10;24,6
2016-11;Transilien;L;Paris Saint-Lazare Sud;86,00;6,1
2016-11;Transilien;N;Paris Montparnasse;86,20;6,2
2016-11;Transilien;P;Paris Est;87,70;7,1
2016-11;Transilien;R;Paris Sud Est;83,80;5,2
2016-11;Transilien;U;La Verrière - La Défense;93,30;13,9
2016-12;RER;A;RER A;66,70;2
2016-12;RER;B;RER B;81,70;4,5
2016-12;RER;C;RER C;87,70;7,1
2016-12;RER;D;RER D;80,80;4,2
2016-12;RER;E;RER E;94,00;15,7
2016-12;Transilien;H;Paris Nord Ouest;58,10;1,4
2016-12;Transilien;J;Paris Saint-Lazare Nord;88,50;7,7
2016-12;Transilien;K;Paris Nord Crépy;86,50;6,4
2016-12;Transilien;L;Paris Saint-Lazare Sud;89,50;8,5
2016-12;Transilien;N;Paris Montparnasse;90,10;9,1
2016-12;Transilien;P;Paris Est;90,70;9,8
2016-12;Transilien;R;Paris Sud Est;88,60;7,8
2016-12;Transilien;U;La Verrière - La Défense;94,50;17,2
2017-01;RER;A;RER A;68,25;2,1
2017-01;RER;B;RER B;87,80;7,2
2017-01;RER;C;RER C;87,30;6,9
2017-01;RER;D;RER D;85,20;5,8
2017-01;RER;E;RER E;92,30;12
2017-01;Transilien;H;Paris Nord Ouest;94,40;16,9
2017-01;Transilien;J;Paris Saint-Lazare Nord;88,80;7,9
2017-01;Transilien;K;Paris Nord Crépy;95,70;22,3
2017-01;Transilien;L;Paris Saint-Lazare Sud;87,00;6,7
2017-01;Transilien;N;Paris Montparnasse;86,60;6,5
2017-01;Transilien;P;Paris Est;89,60;8,6
2017-01;Transilien;R;Paris Sud Est;88,80;7,9
2017-01;Transilien;U;La Verrière - La Défense;95,20;19,8
2017-02;RER;A;RER A;69,35;2,3
2017-02;RER;B;RER B;89,80;8,8
2017-02;RER;C;RER C;83,40;5
2017-02;RER;D;RER D;87,00;6,7
2017-02;RER;E;RER E;93,00;13,3
2017-02;Transilien;H;Paris Nord Ouest;93,10;13,5
2017-02;Transilien;J;Paris Saint-Lazare Nord;92,50;12,3
2017-02;Transilien;K;Paris Nord Crépy;94,60;17,5
2017-02;Transilien;L;Paris Saint-Lazare Sud;90,10;9,1
2017-02;Transilien;N;Paris Montparnasse;89,90;8,9
2017-02;Transilien;P;Paris Est;91,80;11,2
2017-02;Transilien;R;Paris Sud Est;89,60;8,6
2017-02;Transilien;U;La Verrière - La Défense;95,50;21,2
2017-03;RER;A;RER A;71,00;2,4
2017-03;RER;B;RER B;83,80;5,2
2017-03;RER;C;RER C;89,50;8,5
2017-03;RER;D;RER D;82,90;4,8
2017-03;RER;E;RER E;94,20;16,2
2017-03;Transilien;H;Paris Nord Ouest;90,40;9,4
2017-03;Transilien;J;Paris Saint-Lazare Nord;92,80;12,9
2017-03;Transilien;K;Paris Nord Crépy;92,90;13,1
2017-03;Transilien;L;Paris Saint-Lazare Sud;90,10;9,1
2017-03;Transilien;N;Paris Montparnasse;93,40;14,2
2017-03;Transilien;P;Paris Est;93,20;13,7
2017-03;Transilien;R;Paris Sud Est;86,30;6,3
2017-03;Transilien;U;La Verrière - La Défense;94,80;18,2
2017-04;RER;A;RER A;73,90;2,8
2017-04;RER;B;RER B;84,20;5,3
2017-04;RER;C;RER C;85,90;6,1
2017-04;RER;D;RER D;86,30;6,3
2017-04;RER;E;RER E;93,50;14,4
2017-04;Transilien;H;Paris Nord Ouest;89,50;8,5
2017-04;Transilien;J;Paris Saint-Lazare Nord;92,40;12,2
2017-04;Transilien;K;Paris Nord Crépy;93,40;14,2
2017-04;Transilien;L;Paris Saint-Lazare Sud;92,30;12
2017-04;Transilien;N;Paris Montparnasse;93,90;15,4
2017-04;Transilien;P;Paris Est;94,40;16,9
2017-04;Transilien;R;Paris Sud Est;83,60;5,1
2017-04;Transilien;U;La Verrière - La Défense;94,80;18,2
2017-05;RER;A;RER A;70,89;2,4
2017-05;RER;B;RER B;82,26;4,6
2017-05;RER;C;RER C;86,67;6,5
2017-05;RER;D;RER D;87,03;6,7
2017-05;RER;E;RER E;91,69;11
2017-05;Transilien;H;Paris Nord Ouest;79,81;4
2017-05;Transilien;J;Paris Saint-Lazare Nord;90,62;9,7
2017-05;Transilien;K;Paris Nord Crépy;87,68;7,1
2017-05;Transilien;L;Paris Saint-Lazare Sud;88,92;8
2017-05;Transilien;N;Paris Montparnasse;89,22;8,3
2017-05;Transilien;P;Paris Est;91,44;10,7
2017-05;Transilien;R;Paris Sud Est;84,35;5,4
2017-05;Transilien;U;La Verrière - La Défense;89,27;8,3
2017-06;RER;A;RER A;69,95;2,3
2017-06;RER;B;RER B;88,54;7,7
2017-06;RER;C;RER C;85,01;5,7
2017-06;RER;D;RER D;82,96;4,9
2017-06;RER;E;RER E;86,62;6,5
2017-06;Transilien;H;Paris Nord Ouest;86,44;6,4
2017-06;Transilien;J;Paris Saint-Lazare Nord;89,88;8,9
2017-06;Transilien;K;Paris Nord Crépy;95,26;20,1
2017-06;Transilien;L;Paris Saint-Lazare Sud;86,84;6,6
2017-06;Transilien;N;Paris Montparnasse;90,03;9
2017-06;Transilien;P;Paris Est;82,04;4,6
2017-06;Transilien;R;Paris Sud Est;76,24;3,2
2017-06;Transilien;U;La Verrière - La Défense;91,71;11,1
2017-07;RER;A;RER A;70,84;2,4
2017-07;RER;B;RER B;88,59;7,8
2017-07;RER;C;RER C;89,41;8,4
2017-07;RER;D;RER D;83,50;5,1
2017-07;RER;E;RER E;88,33;7,6
2017-07;Transilien;H;Paris Nord Ouest;93,31;13,9
2017-07;Transilien;J;Paris Saint-Lazare Nord;91,21;10,4
2017-07;Transilien;K;Paris Nord Crépy;90,51;9,5
2017-07;Transilien;L;Paris Saint-Lazare Sud;89,26;8,3
2017-07;Transilien;N;Paris Montparnasse;88,01;7,3
2017-07;Transilien;P;Paris Est;87,23;6,8
2017-07;Transilien;R;Paris Sud Est;74,46;2,9
2017-07;Transilien;U;La Verrière - La Défense;92,59;12,5
2017-08;RER;A;RER A;88,09;7,4
2017-08;RER;B;RER B;93,20;13,7
2017-08;RER;C;RER C;93,80;15,1
2017-08;RER;D;RER D;91,00;10,1
2017-08;RER;E;RER E;94,50;17,2
2017-08;Transilien;H;Paris Nord Ouest;97,60;40,7
2017-08;Transilien;J;Paris Saint-Lazare Nord;91,40;10,6
2017-08;Transilien;K;Paris Nord Crépy;94,50;17,2
2017-08;Transilien;L;Paris Saint-Lazare Sud;92,50;12,3
2017-08;Transilien;N;Paris Montparnasse;92,00;11,5
2017-08;Transilien;P;Paris Est;92,20;11,8
2017-08;Transilien;R;Paris Sud Est;86,40;6,4
2017-08;Transilien;U;La Verrière - La Défense;96,10;24,6
2017-09;RER;A;RER A;72,90;2,7
2017-09;RER;B;RER B;87,30;6,9
2017-09;RER;C;RER C;92,30;12
2017-09;RER;D;RER D;85,30;5,8
2017-09;RER;E;RER E;95,00;19
2017-09;Transilien;H;Paris Nord Ouest;96,60;28,4
2017-09;Transilien;J;Paris Saint-Lazare Nord;89,90;8,9
2017-09;Transilien;K;Paris Nord Crépy;93,20;13,7
2017-09;Transilien;L;Paris Saint-Lazare Sud;88,10;7,4
2017-09;Transilien;N;Paris Montparnasse;90,70;9,8
2017-09;Transilien;P;Paris Est;93,80;15,1
2017-09;Transilien;R;Paris Sud Est;80,90;4,2
2017-09;Transilien;U;La Verrière - La Défense;93,00;13,3
2017-10;RER;A;RER A;69,90;2,3
2017-10;RER;B;RER B;79,70;3,9
2017-10;RER;C;RER C;89,40;8,4
2017-10;RER;D;RER D;83,00;4,9
2017-10;RER;E;RER E;91,80;11,2
2017-10;Transilien;H;Paris Nord Ouest;92,50;12,3
2017-10;Transilien;J;Paris Saint-Lazare Nord;90,20;9,2
2017-10;Transilien;K;Paris Nord Crépy;92,20;11,8
2017-10;Transilien;L;Paris Saint-Lazare Sud;86,40;6,4
2017-10;Transilien;N;Paris Montparnasse;90,40;9,4
2017-10;Transilien;P;Paris Est;86,70;6,5
2017-10;Transilien;R;Paris Sud Est;85,20;5,8
2017-10;Transilien;U;La Verrière - La Défense;92,10;11,7
2017-11;RER;A;RER A;71,02;2,5
2017-11;RER;B;RER B;83,30;5
2017-11;RER;C;RER C;85,80;6
2017-11;RER;D;RER D;79,20;3,8
2017-11;RER;E;RER E;92,00;11,5
2017-11;Transilien;H;Paris Nord Ouest;88,70;7,8
2017-11;Transilien;J;Paris Saint-Lazare Nord;87,40;6,9
2017-11;Transilien;K;Paris Nord Crépy;90,30;9,3
2017-11;Transilien;L;Paris Saint-Lazare Sud;83,10;4,9
2017-11;Transilien;N;Paris Montparnasse;86,20;6,2
2017-11;Transilien;P;Paris Est;89,70;8,7
2017-11;Transilien;R;Paris Sud Est;79,30;3,8
2017-11;Transilien;U;La Verrière - La Défense;89,10;8,2
2017-12;RER;A;RER A;77,10;3,4
2017-12;RER;B;RER B;84,30;5,4
2017-12;RER;C;RER C;88,70;7,8
2017-12;RER;D;RER D;84,00;5,3
2017-12;RER;E;RER E;94,00;15,7
2017-12;Transilien;H;Paris Nord Ouest;89,40;8,4
2017-12;Transilien;J;Paris Saint-Lazare Nord;85,80;6
2017-12;Transilien;K;Paris Nord Crépy;90,00;9
2017-12;Transilien;L;Paris Saint-Lazare Sud;86,30;6,3
2017-12;Transilien;N;Paris Montparnasse;86,00;6,1
2017-12;Transilien;P;Paris Est;91,50;10,8
2017-12;Transilien;R;Paris Sud Est;85,50;5,9
2017-12;Transilien;U;La Verrière - La Défense;91,40;10,6
2018-01;RER;A;RER A;79,60;3,9
2018-01;RER;B;RER B;88,50;7,7
2018-01;RER;C;RER C;88,10;7,4
2018-01;RER;D;RER D;84,90;5,6
2018-01;RER;E;RER E;93,60;14,6
2018-01;Transilien;H;Paris Nord Ouest;92,40;12,2
2018-01;Transilien;J;Paris Saint-Lazare Nord;92,20;11,8
2018-01;Transilien;K;Paris Nord Crépy;91,60;10,9
2018-01;Transilien;L;Paris Saint-Lazare Sud;89,80;8,8
2018-01;Transilien;N;Paris Montparnasse;90,50;9,5
2018-01;Transilien;P;Paris Est;90,80;9,9
2018-01;Transilien;R;Paris Sud Est;81,70;4,5
2018-01;Transilien;U;La Verrière - La Défense;91,40;10,6
2018-02;RER;A;RER A;77,40;3,4
2018-02;RER;B;RER B;79,80;4
2018-02;RER;C;RER C;82,90;4,8
2018-02;RER;D;RER D;80,40;4,1
2018-02;RER;E;RER E;81,50;4,4
2018-02;Transilien;H;Paris Nord Ouest;90,30;9,3
2018-02;Transilien;J;Paris Saint-Lazare Nord;84,10;5,3
2018-02;Transilien;K;Paris Nord Crépy;88,70;7,8
2018-02;Transilien;L;Paris Saint-Lazare Sud;84,90;5,6
2018-02;Transilien;N;Paris Montparnasse;82,70;4,8
2018-02;Transilien;P;Paris Est;76,30;3,2
2018-02;Transilien;R;Paris Sud Est;73,20;2,7
2018-02;Transilien;U;La Verrière - La Défense;86,30;6,3
2018-03;RER;A;RER A;81,30;4,3
2018-03;RER;B;RER B;86,40;6,4
2018-03;RER;C;RER C;90,50;9,5
2018-03;RER;D;RER D;82,20;4,6
2018-03;RER;E;RER E;93,00;13,3
2018-03;Transilien;H;Paris Nord Ouest;93,70;14,9
2018-03;Transilien;J;Paris Saint-Lazare Nord;88,20;7,5
2018-03;Transilien;K;Paris Nord Crépy;93,00;13,3
2018-03;Transilien;L;Paris Saint-Lazare Sud;89,80;8,8
2018-03;Transilien;N;Paris Montparnasse;89,50;8,5
2018-03;Transilien;P;Paris Est;91,50;10,8
2018-03;Transilien;R;Paris Sud Est;86,00;6,1
2018-03;Transilien;U;La Verrière - La Défense;92,70;12,7
2018-04;RER;A;RER A;80,80;4,2
2018-04;RER;B;RER B;87,40;6,9
2018-04;RER;C;RER C;94,50;17,2
2018-04;RER;D;RER D;90,50;9,5
2018-04;RER;E;RER E;94,40;16,9
2018-04;Transilien;H;Paris Nord Ouest;95,40;20,7
2018-04;Transilien;J;Paris Saint-Lazare Nord;94,40;16,9
2018-04;Transilien;K;Paris Nord Crépy;90,60;9,6
2018-04;Transilien;L;Paris Saint-Lazare Sud;96,10;24,6
2018-04;Transilien;N;Paris Montparnasse;91,20;10,4
2018-04;Transilien;P;Paris Est;95,30;20,3
2018-04;Transilien;R;Paris Sud Est;85,60;5,9
2018-04;Transilien;U;La Verrière - La Défense;92,90;13,1
2018-05;RER;A;RER A;82,20;4,6
2018-05;RER;B;RER B;86,80;6,6
2018-05;RER;C;RER C;94,10;15,9
2018-05;RER;D;RER D;85,40;5,8
2018-05;RER;E;RER E;95,60;21,7
2018-05;Transilien;H;Paris Nord Ouest;90,80;9,9
2018-05;Transilien;J;Paris Saint-Lazare Nord;92,30;12
2018-05;Transilien;K;Paris Nord Crépy;83,10;4,9
2018-05;Transilien;L;Paris Saint-Lazare Sud;91,50;10,8
2018-05;Transilien;N;Paris Montparnasse;92,10;11,7
2018-05;Transilien;P;Paris Est;87,20;6,8
2018-05;Transilien;R;Paris Sud Est;85,90;6,1
2018-05;Transilien;U;La Verrière - La Défense;94,40;16,9
2018-06;RER;A;RER A;80,00;4
2018-06;RER;B;RER B;87,40;6,9
2018-06;RER;C;RER C;88,70;7,8
2018-06;RER;D;RER D;84,40;5,4
2018-06;RER;E;RER E;92,90;13,1
2018-06;Transilien;H;Paris Nord Ouest;92,20;11,8
2018-06;Transilien;J;Paris Saint-Lazare Nord;94,00;15,7
2018-06;Transilien;K;Paris Nord Crépy;94,40;16,9
2018-06;Transilien;L;Paris Saint-Lazare Sud;89,90;8,9
2018-06;Transilien;N;Paris Montparnasse;89,60;8,6
2018-06;Transilien;P;Paris Est;82,80;4,8
2018-06;Transilien;R;Paris Sud Est;81,10;4,3
2018-06;Transilien;U;La Verrière - La Défense;92,40;12,2
2018-07;RER;A;RER A;78,50;3,7
2018-07;RER;B;RER B;85,90;6,1
2018-07;RER;C;RER C;88,90;8
2018-07;RER;D;RER D;81,30;4,3
2018-07;RER;E;RER E;90,20;9,2
2018-07;Transilien;H;Paris Nord Ouest;93,50;14,4
2018-07;Transilien;J;Paris Saint-Lazare Nord;89,40;8,4
2018-07;Transilien;K;Paris Nord Crépy;90,20;9,2
2018-07;Transilien;L;Paris Saint-Lazare Sud;89,30;8,3
2018-07;Transilien;N;Paris Montparnasse;79,00;3,8
2018-07;Transilien;P;Paris Est;88,20;7,5
2018-07;Transilien;R;Paris Sud Est;81,70;4,5
2018-07;Transilien;U;La Verrière - La Défense;85,30;5,8
2018-08;RER;A;RER A;91,80;11,2
2018-08;RER;B;RER B;89,00;8,1
2018-08;RER;C;RER C;92,40;12,2
2018-08;RER;D;RER D;88,00;7,3
2018-08;RER;E;RER E;94,70;17,9
2018-08;Transilien;H;Paris Nord Ouest;96,70;29,3
2018-08;Transilien;J;Paris Saint-Lazare Nord;93,30;13,9
2018-08;Transilien;K;Paris Nord Crépy;89,00;8,1
2018-08;Transilien;L;Paris Saint-Lazare Sud;95,90;23,4
2018-08;Transilien;N;Paris Montparnasse;82,10;4,6
2018-08;Transilien;P;Paris Est;93,30;13,9
2018-08;Transilien;R;Paris Sud Est;84,10;5,3
2018-08;Transilien;U;La Verrière - La Défense;90,80;9,9
2018-09;RER;A;RER A;82,20;4,6
2018-09;RER;B;RER B;87,00;6,7
2018-09;RER;C;RER C;90,00;9
2018-09;RER;D;RER D;84,50;5,5
2018-09;RER;E;RER E;94,40;16,9
2018-09;Transilien;H;Paris Nord Ouest;95,90;23,4
2018-09;Transilien;J;Paris Saint-Lazare Nord;87,80;7,2
2018-09;Transilien;K;Paris Nord Crépy;96,00;24
2018-09;Transilien;L;Paris Saint-Lazare Sud;90,70;9,8
2018-09;Transilien;N;Paris Montparnasse;91,10;10,2
2018-09;Transilien;P;Paris Est;91,80;11,2
2018-09;Transilien;R;Paris Sud Est;87,70;7,1
2018-09;Transilien;U;La Verrière - La Défense;93,60;14,6
2018-10;RER;A;RER A;80,85;4,2
2018-10;RER;B;RER B;84,72;5,5
2018-10;RER;C;RER C;90,40;9,4
2018-10;RER;D;RER D;83,50;5,1
2018-10;RER;E;RER E;90,20;9,2
2018-10;Transilien;H;Paris Nord Ouest;94,50;17,2
2018-10;Transilien;J;Paris Saint-Lazare Nord;88,30;7,5
2018-10;Transilien;K;Paris Nord Crépy;88,20;7,5
2018-10;Transilien;L;Paris Saint-Lazare Sud;91,60;10,9
2018-10;Transilien;N;Paris Montparnasse;90,80;9,9
2018-10;Transilien;P;Paris Est;86,40;6,4
2018-10;Transilien;R;Paris Sud Est;90,00;9
2018-10;Transilien;U;La Verrière - La Défense;95,00;19
2018-11;RER;A;RER A;83,13;4,9
2018-11;RER;B;RER B;79,03;3,8
2018-11;RER;C;RER C;83,50;5,1
2018-11;RER;D;RER D;77,40;3,4
2018-11;RER;E;RER E;93,40;14,2
2018-11;Transilien;H;Paris Nord Ouest;86,80;6,6
2018-11;Transilien;J;Paris Saint-Lazare Nord;88,60;7,8
2018-11;Transilien;K;Paris Nord Crépy;87,20;6,8
2018-11;Transilien;L;Paris Saint-Lazare Sud;88,20;7,5
2018-11;Transilien;N;Paris Montparnasse;87,60;7,1
2018-11;Transilien;P;Paris Est;86,60;6,5
2018-11;Transilien;R;Paris Sud Est;82,40;4,7
2018-11;Transilien;U;La Verrière - La Défense;90,40;9,4
2018-12;RER;A;RER A;84,20;5,3
2018-12;RER;B;RER B;85,60;5,9
2018-12;RER;C;RER C;87,30;6,9
2018-12;RER;D;RER D;87,00;6,7
2018-12;RER;E;RER E;93,60;14,6
2018-12;Transilien;H;Paris Nord Ouest;93,20;13,7
2018-12;Transilien;J;Paris Saint-Lazare Nord;88,50;7,7
2018-12;Transilien;K;Paris Nord Crépy;93,00;13,3
2018-12;Transilien;L;Paris Saint-Lazare Sud;92,10;11,7
2018-12;Transilien;N;Paris Montparnasse;86,00;6,1
2018-12;Transilien;P;Paris Est;87,80;7,2
2018-12;Transilien;R;Paris Sud Est;85,30;5,8
2018-12;Transilien;U;La Verrière - La Défense;91,60;10,9
2019-01;RER;A;RER A;85,00;5,7
2019-01;RER;B;RER B;83,90;5,2
2019-01;RER;C;RER C;88,10;7,4
2019-01;RER;D;RER D;84,00;5,3
2019-01;RER;E;RER E;92,00;11,5
2019-01;Transilien;H;Paris Nord Ouest;94,10;15,9
2019-01;Transilien;J;Paris Saint-Lazare Nord;90,00;9
2019-01;Transilien;K;Paris Nord Crépy;85,20;5,8
2019-01;Transilien;L;Paris Saint-Lazare Sud;91,70;11
2019-01;Transilien;N;Paris Montparnasse;87,10;6,8
2019-01;Transilien;P;Paris Est;85,20;5,8
2019-01;Transilien;R;Paris Sud Est;80,20;4,1
2019-01;Transilien;U;La Verrière - La Défense;92,90;13,1
2019-02;RER;A;RER A;86,90;6,6
2019-02;RER;B;RER B;84,50;5,5
2019-02;RER;C;RER C;85,67;6
2019-02;RER;D;RER D;85,57;5,9
2019-02;RER;E;RER E;93,05;13,4
2019-02;Transilien;H;Paris Nord Ouest;93,42;14,2
2019-02;Transilien;J;Paris Saint-Lazare Nord;91,76;11,1
2019-02;Transilien;K;Paris Nord Crépy;94,87;18,5
2019-02;Transilien;L;Paris Saint-Lazare Sud;95,11;19,5
2019-02;Transilien;N;Paris Montparnasse;92,88;13
2019-02;Transilien;P;Paris Est;86,51;6,4
2019-02;Transilien;R;Paris Sud Est;84,27;5,4
2019-02;Transilien;U;La Verrière - La Défense;96,54;27,9
2019-03;RER;A;RER A;88,30;7,5
2019-03;RER;B;RER B;89,00;8,1
2019-03;RER;C;RER C;91,66;11
2019-03;RER;D;RER D;89,51;8,5
2019-03;RER;E;RER E;95,29;20,2
2019-03;Transilien;H;Paris Nord Ouest;96,32;26,2
2019-03;Transilien;J;Paris Saint-Lazare Nord;91,71;11,1
2019-03;Transilien;K;Paris Nord Crépy;95,24;20
2019-03;Transilien;L;Paris Saint-Lazare Sud;93,82;15,2
2019-03;Transilien;N;Paris Montparnasse;93,06;13,4
2019-03;Transilien;P;Paris Est;90,75;9,8
2019-03;Transilien;R;Paris Sud Est;88,65;7,8
2019-03;Transilien;U;La Verrière - La Défense;95,95;23,7
2019-04;RER;A;RER A;89,40;8,4
2019-04;RER;B;RER B;87,70;7,1
2019-04;RER;C;RER C;90,91;10
2019-04;RER;D;RER D;87,09;6,7
2019-04;RER;E;RER E;90,88;10
2019-04;Transilien;H;Paris Nord Ouest;96,27;25,8
2019-04;Transilien;J;Paris Saint-Lazare Nord;91,84;11,3
2019-04;Transilien;K;Paris Nord Crépy;96,65;28,9
2019-04;Transilien;L;Paris Saint-Lazare Sud;93,57;14,5
2019-04;Transilien;N;Paris Montparnasse;94,44;17
2019-04;Transilien;P;Paris Est;90,18;9,2
2019-04;Transilien;R;Paris Sud Est;88,98;8,1
2019-04;Transilien;U;La Verrière - La Défense;97,07;33,1
2019-05;RER;A;RER A;88,54;7,7
2019-05;RER;B;RER B;89,25;8,3
2019-05;RER;C;RER C;90,96;10,1
2019-05;RER;D;RER D;87,43;7
2019-05;RER;E;RER E;95,91;23,5
2019-05;Transilien;H;Paris Nord Ouest;92,61;12,5
2019-05;Transilien;J;Paris Saint-Lazare Nord;91,96;11,4
2019-05;Transilien;K;Paris Nord Crépy;92,74;12,8
2019-05;Transilien;L;Paris Saint-Lazare Sud;91,80;11,2
2019-05;Transilien;N;Paris Montparnasse;94,10;15,9
2019-05;Transilien;P;Paris Est;91,62;10,9
2019-05;Transilien;R;Paris Sud Est;91,54;10,8
2019-05;Transilien;U;La Verrière - La Défense;93,95;15,5
2019-06;RER;A;RER A;86,69;6,5
2019-06;RER;B;RER B;84,57;5,5
2019-06;RER;C;RER C;86,09;6,2
2019-06;RER;D;RER D;86,27;6,3
2019-06;RER;E;RER E;91,03;10,1
2019-06;Transilien;H;Paris Nord Ouest;92,95;13,2
2019-06;Transilien;J;Paris Saint-Lazare Nord;86,19;6,2
2019-06;Transilien;K;Paris Nord Crépy;92,51;12,3
2019-06;Transilien;L;Paris Saint-Lazare Sud;92,12;11,7
2019-06;Transilien;N;Paris Montparnasse;92,42;12,2
2019-06;Transilien;P;Paris Est;86,78;6,6
2019-06;Transilien;R;Paris Sud Est;83,92;5,2
2019-06;Transilien;U;La Verrière - La Défense;94,13;16
2019-07;RER;A;RER A;84,46;5,4
2019-07;RER;B;RER B;84,91;5,6
2019-07;RER;C;RER C;87,22;6,8
2019-07;RER;D;RER D;85,10;5,7
2019-07;RER;E;RER E;91,03;10,1
2019-07;Transilien;H;Paris Nord Ouest;93,66;14,8
2019-07;Transilien;J;Paris Saint-Lazare Nord;90,89;10
2019-07;Transilien;K;Paris Nord Crépy;93,19;13,7
2019-07;Transilien;L;Paris Saint-Lazare Sud;93,74;15
2019-07;Transilien;N;Paris Montparnasse;92,45;12,2
2019-07;Transilien;P;Paris Est;82,73;4,8
2019-07;Transilien;R;Paris Sud Est;86,52;6,4
2019-07;Transilien;U;La Verrière - La Défense;95,07;19,3
2019-08;RER;A;RER A;94,06;15,8
2019-08;RER;B;RER B;91,25;10,4
2019-08;RER;C;RER C;93,39;14,1
2019-08;RER;D;RER D;88,68;7,8
2019-08;RER;E;RER E;85,00;5,7
2019-08;Transilien;H;Paris Nord Ouest;95,01;19
2019-08;Transilien;J;Paris Saint-Lazare Nord;94,40;16,9
2019-08;Transilien;K;Paris Nord Crépy;95,43;20,9
2019-08;Transilien;L;Paris Saint-Lazare Sud;96,78;30
2019-08;Transilien;N;Paris Montparnasse;95,27;20,1
2019-08;Transilien;P;Paris Est;91,51;10,8
2019-08;Transilien;R;Paris Sud Est;86,62;6,5
2019-08;Transilien;U;La Verrière - La Défense;96,82;30,4
2019-09;RER;A;RER A;87,57;7
2019-09;RER;B;RER B;82,21;4,6
2019-09;RER;C;RER C;89,03;8,1
2019-09;RER;D;RER D;86,80;6,6
2019-09;RER;E;RER E;90,13;9,1
2019-09;Transilien;H;Paris Nord Ouest;96,49;27,5
2019-09;Transilien;J;Paris Saint-Lazare Nord;91,44;10,7
2019-09;Transilien;K;Paris Nord Crépy;91,22;10,4
2019-09;Transilien;L;Paris Saint-Lazare Sud;93,83;15,2
2019-09;Transilien;N;Paris Montparnasse;93,20;13,7
2019-09;Transilien;P;Paris Est;85,93;6,1
2019-09;Transilien;R;Paris Sud Est;86,24;6,3
2019-09;Transilien;U;La Verrière - La Défense;95,86;23,2
2019-10;RER;A;RER A;85,82;6,1
2019-10;RER;B;RER B;76,49;3,3
2019-10;RER;C;RER C;82,87;4,8
2019-10;RER;D;RER D;79,86;4
2019-10;RER;E;RER E;91,42;10,6
2019-10;Transilien;H;Paris Nord Ouest;90,33;9,3
2019-10;Transilien;J;Paris Saint-Lazare Nord;86,44;6,4
2019-10;Transilien;K;Paris Nord Crépy;86,63;6,5
2019-10;Transilien;L;Paris Saint-Lazare Sud;89,84;8,8
2019-10;Transilien;N;Paris Montparnasse;87,75;7,2
2019-10;Transilien;P;Paris Est;88,89;8
2019-10;Transilien;R;Paris Sud Est;81,09;4,3
2019-10;Transilien;U;La Verrière - La Défense;91,80;11,2
2019-11;RER;A;RER A;82,06;4,6
2019-11;RER;B;RER B;78,26;3,6
2019-11;RER;C;RER C;80,68;4,2
2019-11;RER;D;RER D;83,01;4,9
2019-11;RER;E;RER E;91,33;10,5
2019-11;Transilien;H;Paris Nord Ouest;93,78;15,1
2019-11;Transilien;J;Paris Saint-Lazare Nord;88,02;7,3
2019-11;Transilien;K;Paris Nord Crépy;93,76;15
2019-11;Transilien;L;Paris Saint-Lazare Sud;91,80;11,2
2019-11;Transilien;N;Paris Montparnasse;91,20;10,4
2019-11;Transilien;P;Paris Est;87,34;6,9
2019-11;Transilien;R;Paris Sud Est;86,26;6,3
2019-11;Transilien;U;La Verrière - La Défense;96,52;27,7
2020-02;RER;A;RER A;83,01;4,885
2020-02;RER;B;RER B;80,03;4,006
2020-02;RER;C;RER C;83,25;4,97
2020-02;RER;D;RER D;84,30;5,371
2020-02;RER;E;RER E;88,05;7,368
2020-02;Transilien;H;Paris Nord Ouest;90,56;9,59
2020-02;Transilien;J;Paris Saint-Lazare Nord;86,88;6,622
2020-02;Transilien;K;Paris Nord Crépy;93,16;13,609
2020-02;Transilien;L;Paris Saint-Lazare Sud;92,86;13,011
2020-02;Transilien;N;Paris Montparnasse;92,13;11,699
2020-02;Transilien;P;Paris Est;89,12;8,187
2020-02;Transilien;R;Paris Sud Est;80,72;4,188
2020-02;Transilien;U;La Verrière - La Défense;95,38;20,64
2020-03;RER;A;RER A;89,86;8,861
2020-03;RER;B;RER B;73,52;2,777
2020-03;RER;C;RER C;93,44;14,246
2020-03;RER;D;RER D;84,70;5,534
2020-03;RER;E;RER E;90,36;9,375
2020-03;Transilien;H;Paris Nord Ouest;95,13;19,552
2020-03;Transilien;J;Paris Saint-Lazare Nord;90,74;9,795
2020-03;Transilien;K;Paris Nord Crépy;91,07;10,2
2020-03;Transilien;L;Paris Saint-Lazare Sud;94,21;16,271
2020-03;Transilien;N;Paris Montparnasse;95,28;20,163
2020-03;Transilien;P;Paris Est;88,69;7,838
2020-03;Transilien;R;Paris Sud Est;85,19;5,754
2020-03;Transilien;U;La Verrière - La Défense;99,41;168,685
2020-06;RER;A;RER A;83,84;5,186
2020-06;RER;B;RER B;86,19;6,24
2020-06;RER;C;RER C;85,34;5,821
2020-06;RER;D;RER D;90,64;9,683
2020-06;RER;E;RER E;89,21;8,268
2020-06;Transilien;H;Paris Nord Ouest;92,92;13,119
2020-06;Transilien;J;Paris Saint-Lazare Nord;91,01;10,126
2020-06;Transilien;K;Paris Nord Crépy;92,55;12,414
2020-06;Transilien;L;Paris Saint-Lazare Sud;93,31;13,94
2020-06;Transilien;N;Paris Montparnasse;90,86;9,946
2020-06;Transilien;P;Paris Est;92,54;12,401
2020-06;Transilien;R;Paris Sud Est;88,99;8,086
2020-06;Transilien;U;La Verrière - La Défense;95,48;21,132
2020-07;RER;A;RER A;89,04;8,122
2020-07;RER;B;RER B;89,14;8,21
2020-07;RER;C;RER C;92,27;11,935
2020-07;RER;D;RER D;88,81;7,932
2020-07;RER;E;RER E;93,79;15,111
2020-07;Transilien;H;Paris Nord Ouest;94,20;16,237
2020-07;Transilien;J;Paris Saint-Lazare Nord;92,50;12,324
2020-07;Transilien;K;Paris Nord Crépy;93,24;13,791
2020-07;Transilien;L;Paris Saint-Lazare Sud;96,89;31,171
2020-07;Transilien;N;Paris Montparnasse;94,14;16,072
2020-07;Transilien;P;Paris Est;90,45;9,475
2020-07;Transilien;R;Paris Sud Est;90,14;9,139
2020-07;Transilien;U;La Verrière - La Défense;96,83;30,542
2020-08;RER;A;RER A;85,83;6,057
2020-08;RER;B;RER B;76,67;3,287
2020-08;RER;C;RER C;93,16;13,614
2020-08;RER;D;RER D;87,50;6,999
2020-08;RER;E;RER E;91,53;10,809
2020-08;Transilien;H;Paris Nord Ouest;90,72;9,77
2020-08;Transilien;J;Paris Saint-Lazare Nord;93,51;14,417
2020-08;Transilien;K;Paris Nord Crépy;76,91;3,332
2020-08;Transilien;L;Paris Saint-Lazare Sud;95,97;23,829
2020-08;Transilien;N;Paris Montparnasse;94,97;18,872
2020-08;Transilien;P;Paris Est;90,73;9,786
2020-08;Transilien;R;Paris Sud Est;92,62;12,555
2020-08;Transilien;U;La Verrière - La Défense;96,76;29,897
2020-09;RER;A;RER A;87,41;6,944
2020-09;RER;B;RER B;83,41;5,027
2020-09;RER;C;RER C;91,07;10,197
2020-09;RER;D;RER D;87,59;7,06
2020-09;RER;E;RER E;92,26;11,927
2020-09;Transilien;H;Paris Nord Ouest;94,27;16,445
2020-09;Transilien;J;Paris Saint-Lazare Nord;91,48;10,738
2020-09;Transilien;K;Paris Nord Crépy;93,60;14,622
2020-09;Transilien;L;Paris Saint-Lazare Sud;94,43;16,939
2020-09;Transilien;N;Paris Montparnasse;93,65;14,737
2020-09;Transilien;P;Paris Est;93,00;13,283
2020-09;Transilien;R;Paris Sud Est;90,62;9,656
2020-09;Transilien;U;La Verrière - La Défense;96,66;28,932
2020-10;RER;A;RER A;82,49;4,711
2020-10;RER;B;RER B;82,88;4,84
2020-10;RER;C;RER C;86,41;6,359
2020-10;RER;D;RER D;86,78;6,565
2020-10;RER;E;RER E;92,80;12,882
2020-10;Transilien;H;Paris Nord Ouest;92,64;12,59
2020-10;Transilien;J;Paris Saint-Lazare Nord;89,47;8,497
2020-10;Transilien;K;Paris Nord Crépy;87,65;7,094
2020-10;Transilien;L;Paris Saint-Lazare Sud;91,11;10,248
2020-10;Transilien;N;Paris Montparnasse;93,26;13,84
2020-10;Transilien;P;Paris Est;91,47;10,726
2020-10;Transilien;R;Paris Sud Est;87,88;7,253
2020-10;Transilien;U;La Verrière - La Défense;95,88;23,268
2020-11;RER;A;RER A;90,14;9,138
2020-11;RER;B;RER B;87,68;7,119
2020-11;RER;C;RER C;91,64;10,958
2020-11;RER;D;RER D;89,03;8,115
2020-11;RER;E;RER E;95,31;20,333
2020-11;Transilien;H;Paris Nord Ouest;95,57;21,548
2020-11;Transilien;J;Paris Saint-Lazare Nord;92,98;13,238
2020-11;Transilien;K;Paris Nord Crépy;94,16;16,11
2020-11;Transilien;L;Paris Saint-Lazare Sud;96,19;25,268
2020-11;Transilien;N;Paris Montparnasse;90,56;9,593
2020-11;Transilien;P;Paris Est;93,77;15,044
2020-11;Transilien;R;Paris Sud Est;90,48;9,5
2020-11;Transilien;U;La Verrière - La Défense;95,83;22,986
2020-12;RER;A;RER A;88,74;7,879
2020-12;RER;B;RER B;88,29;7,537
2020-12;RER;C;RER C;92,31;12,003
2020-12;RER;D;RER D;87,55;7,035
2020-12;RER;E;RER E;93,58;14,569
2020-12;Transilien;H;Paris Nord Ouest;96,39;26,667
2020-12;Transilien;J;Paris Saint-Lazare Nord;92,08;11,629
2020-12;Transilien;K;Paris Nord Crépy;94,45;17,001
2020-12;Transilien;L;Paris Saint-Lazare Sud;93,94;15,493
2020-12;Transilien;N;Paris Montparnasse;95,48;21,112
2020-12;Transilien;P;Paris Est;92,78;12,854
2020-12;Transilien;R;Paris Sud Est;86,99;6,686
2020-12;Transilien;U;La Verrière - La Défense;96,44;27,056
2021-01;RER;A;RER A;83,68;5,126
2021-01;RER;B;RER B;85,70;5,995
2021-01;RER;C;RER C;90,07;9,068
2021-01;RER;D;RER D;85,92;6,104
2021-01;RER;E;RER E;94,69;17,841
2021-01;Transilien;H;Paris Nord Ouest;94,67;17,774
2021-01;Transilien;J;Paris Saint-Lazare Nord;92,06;11,6
2021-01;Transilien;K;Paris Nord Crépy;94,75;18,036
2021-01;Transilien;L;Paris Saint-Lazare Sud;95,99;23,923
2021-01;Transilien;N;Paris Montparnasse;94,62;17,58
2021-01;Transilien;P;Paris Est;91,68;11,023
2021-01;Transilien;R;Paris Sud Est;89,27;8,32
2021-01;Transilien;U;La Verrière - La Défense;96,95;31,833
2021-02;RER;A;RER A;80,02;4,005
2021-02;RER;B;RER B;83,13;4,926
2021-02;RER;C;RER C;86,40;6,353
2021-02;RER;D;RER D;85,73;6,008
2021-02;RER;E;RER E;94,08;15,887
2021-02;Transilien;H;Paris Nord Ouest;95,11;19,464
2021-02;Transilien;J;Paris Saint-Lazare Nord;87,61;7,073
2021-02;Transilien;K;Paris Nord Crépy;90,97;10,068
2021-02;Transilien;L;Paris Saint-Lazare Sud;89,43;8,46
2021-02;Transilien;N;Paris Montparnasse;90,19;9,189
2021-02;Transilien;P;Paris Est;89,80;8,804
2021-02;Transilien;R;Paris Sud Est;85,20;5,759
2021-02;Transilien;U;La Verrière - La Défense;93,66;14,773
2021-03;RER;A;RER A;88,80;7,924
2021-03;RER;B;RER B;88,66;7,821
2021-03;RER;C;RER C;93,57;14,558
2021-03;RER;D;RER D;90,80;9,872
2021-03;RER;E;RER E;93,92;15,446
2021-03;Transilien;H;Paris Nord Ouest;95,98;23,847
2021-03;Transilien;J;Paris Saint-Lazare Nord;93,80;15,12
2021-03;Transilien;K;Paris Nord Crépy;94,88;18,531
2021-03;Transilien;L;Paris Saint-Lazare Sud;95,01;19,057
2021-03;Transilien;N;Paris Montparnasse;92,70;12,691
2021-03;Transilien;P;Paris Est;92,29;11,963
2021-03;Transilien;R;Paris Sud Est;89,09;8,168
2021-03;Transilien;U;La Verrière - La Défense;95,39;20,667
2021-04;RER;A;RER A;94,70;17,866
2021-04;RER;B;RER B;88,61;7,781
2021-04;RER;C;RER C;93,32;13,977
2021-04;RER;D;RER D;91,86;11,28
2021-04;RER;E;RER E;95,65;21,978
2021-04;Transilien;H;Paris Nord Ouest;96,21;25,403
2021-04;Transilien;J;Paris Saint-Lazare Nord;95,64;21,943
2021-04;Transilien;K;Paris Nord Crépy;93,63;14,695
2021-04;Transilien;L;Paris Saint-Lazare Sud;97,41;37,565
2021-04;Transilien;N;Paris Montparnasse;93,67;14,793
2021-04;Transilien;P;Paris Est;94,98;18,901
2021-04;Transilien;R;Paris Sud Est;88,24;7,501
2021-04;Transilien;U;La Verrière - La Défense;95,58;21,638
2021-05;RER;A;RER A;93,77;15,041
2021-05;RER;B;RER B;89,95;8,953
2021-05;RER;C;RER C;92,90;13,076
2021-05;RER;D;RER D;90,48;9,503
2021-05;RER;E;RER E;95,75;22,536
2021-05;Transilien;H;Paris Nord Ouest;96,32;26,206
2021-05;Transilien;J;Paris Saint-Lazare Nord;96,10;24,65
2021-05;Transilien;K;Paris Nord Crépy;95,80;22,803
2021-05;Transilien;L;Paris Saint-Lazare Sud;97,51;39,092
2021-05;Transilien;N;Paris Montparnasse;93,92;15,444
2021-05;Transilien;P;Paris Est;95,12;19,5
2021-05;Transilien;R;Paris Sud Est;88,80;7,929
2021-05;Transilien;U;La Verrière - La Défense;97,20;34,677
2021-06;RER;A;RER A;90,05;9,045
2021-06;RER;B;RER B;82,35;4,664
2021-06;RER;C;RER C;92,79;12,876
2021-06;RER;D;RER D;89,32;8,36
2021-06;RER;E;RER E;91,71;11,063
2021-06;Transilien;H;Paris Nord Ouest;92,52;12,37
2021-06;Transilien;J;Paris Saint-Lazare Nord;90,20;9,199
2021-06;Transilien;K;Paris Nord Crépy;92,56;12,441
2021-06;Transilien;L;Paris Saint-Lazare Sud;95,62;21,811
2021-06;Transilien;N;Paris Montparnasse;92,27;11,944
2021-06;Transilien;P;Paris Est;88,15;7,438
2021-06;Transilien;R;Paris Sud Est;89,93;8,928
2021-06;Transilien;U;La Verrière - La Défense;96,00;23,983
2021-07;RER;A;RER A;88,62;7,788
2021-07;RER;B;RER B;85,10;5,712
2021-07;RER;C;RER C;92,67;12,639
2021-07;RER;D;RER D;88,48;7,684
2021-07;RER;E;RER E;91,98;11,466
2021-07;Transilien;H;Paris Nord Ouest;96,65;28,844
2021-07;Transilien;J;Paris Saint-Lazare Nord;93,67;14,796
2021-07;Transilien;K;Paris Nord Crépy;93,30;13,935
2021-07;Transilien;L;Paris Saint-Lazare Sud;96,63;28,672
2021-07;Transilien;N;Paris Montparnasse;95,48;21,1
2021-07;Transilien;P;Paris Est;92,35;12,078
2021-07;Transilien;R;Paris Sud Est;90,77;9,835
2021-07;Transilien;U;La Verrière - La Défense;97,49;38,828
2021-08;RER;A;RER A;91,15;10,303
2021-08;RER;B;RER B;75,72;3,119
2021-08;RER;C;RER C;95,17;19,683
2021-08;RER;D;RER D;88,91;8,017
2021-08;RER;E;RER E;95,88;23,292
2021-08;Transilien;H;Paris Nord Ouest;96,92;31,471
2021-08;Transilien;J;Paris Saint-Lazare Nord;96,66;28,949
2021-08;Transilien;K;Paris Nord Crépy;95,36;20,554
2021-08;Transilien;L;Paris Saint-Lazare Sud;96,82;30,449
2021-08;Transilien;N;Paris Montparnasse;96,91;31,373
2021-08;Transilien;P;Paris Est;94,69;17,818
2021-08;Transilien;R;Paris Sud Est;91,48;10,73
2021-08;Transilien;U;La Verrière - La Défense;97,78;44,135
2021-09;RER;A;RER A;86,33;6,313
2021-09;RER;B;RER B;81,03;4,272
2021-09;RER;C;RER C;93,16;13,609
2021-09;RER;D;RER D;86,69;6,512
2021-09;RER;E;RER E;93,97;15,581
2021-09;Transilien;H;Paris Nord Ouest;96,31;26,093
2021-09;Transilien;J;Paris Saint-Lazare Nord;93,14;13,574
2021-09;Transilien;K;Paris Nord Crépy;95,43;20,877
2021-09;Transilien;L;Paris Saint-Lazare Sud;92,79;12,862
2021-09;Transilien;N;Paris Montparnasse;94,71;17,891
2021-09;Transilien;P;Paris Est;91,34;10,544
2021-09;Transilien;R;Paris Sud Est;88,14;7,43
2021-09;Transilien;U;La Verrière - La Défense;95,15;19,625
2021-10;RER;A;RER A;86,59;6,458
2021-10;RER;B;RER B;80,33;4,085
2021-10;RER;C;RER C;88,07;7,385
2021-10;RER;D;RER D;85,25;5,779
2021-10;RER;E;RER E;94,51;17,199
2021-10;Transilien;H;Paris Nord Ouest;91,82;11,225
2021-10;Transilien;J;Paris Saint-Lazare Nord;91,84;11,258
2021-10;Transilien;K;Paris Nord Crépy;83,72;5,144
2021-10;Transilien;L;Paris Saint-Lazare Sud;91,72;11,08
2021-10;Transilien;N;Paris Montparnasse;92,36;12,086
2021-10;Transilien;P;Paris Est;89,30;8,344
2021-10;Transilien;R;Paris Sud Est;80,11;4,028
2021-10;Transilien;U;La Verrière - La Défense;93,77;15,055
2021-11;RER;A;RER A;86,06;6,174
2021-11;RER;B;RER B;81,05;4,277
2021-11;RER;C;RER C;88,15;7,436
2021-11;RER;D;RER D;85,49;5,891
2021-11;RER;E;RER E;93,92;15,443
2021-11;Transilien;H;Paris Nord Ouest;96,38;26,592
2021-11;Transilien;J;Paris Saint-Lazare Nord;91,69;11,035
2021-11;Transilien;K;Paris Nord Crépy;93,47;14,308
2021-11;Transilien;L;Paris Saint-Lazare Sud;92,77;12,834
2021-11;Transilien;N;Paris Montparnasse;91,51;10,783
2021-11;Transilien;P;Paris Est;87,62;7,08
2021-11;Transilien;R;Paris Sud Est;89,03;8,116
2021-11;Transilien;U;La Verrière - La Défense;93,68;14,826
2021-12;RER;A;RER A;88,99;8,079
2021-12;RER;B;RER B;82,74;4,794
2021-12;RER;C;RER C;90,56;9,592
2021-12;RER;D;RER D;87,57;7,045
2021-12;RER;E;RER E;95,65;22,01
2021-12;Transilien;H;Paris Nord Ouest;96,72;29,457
2021-12;Transilien;J;Paris Saint-Lazare Nord;94,68;17,801
2021-12;Transilien;K;Paris Nord Crépy;96,98;32,139
2021-12;Transilien;L;Paris Saint-Lazare Sud;95,02;19,073
2021-12;Transilien;N;Paris Montparnasse;95,72;22,347
2021-12;Transilien;P;Paris Est;92,88;13,038
2021-12;Transilien;R;Paris Sud Est;89,15;8,22
2021-12;Transilien;U;La Verrière - La Défense;97,18;34,447
2022-01;RER;A;RER A;88,24;7,5
2022-01;RER;B;RER B;86,51;6,41
2022-01;RER;C;RER C;87,66;7,103
2022-01;RER;D;RER D;90,74;9,803
2022-01;RER;E;RER E;94,09;15,906
2022-01;Transilien;H;Paris Nord Ouest;96,21;25,387
2022-01;Transilien;J;Paris Saint-Lazare Nord;92,52;12,367
2022-01;Transilien;K;Paris Nord Crépy;94,44;16,974
2022-01;Transilien;L;Paris Saint-Lazare Sud;91,38;10,595
2022-01;Transilien;N;Paris Montparnasse;95,02;19,095
2022-01;Transilien;P;Paris Est;90,54;9,569
2022-01;Transilien;R;Paris Sud Est;90,66;9,707
2022-02;RER;A;RER A;92,50;12,326
2022-02;RER;B;RER B;84,97;5,654
2022-02;RER;C;RER C;91,61;10,922
2022-02;RER;D;RER D;86,25;6,272
2022-02;RER;E;RER E;93,51;14,412
2022-02;Transilien;H;Paris Nord Ouest;95,88;23,289
2022-02;Transilien;J;Paris Saint-Lazare Nord;95,57;21,556
2022-02;Transilien;K;Paris Nord Crépy;92,37;12,101
2022-02;Transilien;L;Paris Saint-Lazare Sud;95,75;22,517
2022-02;Transilien;N;Paris Montparnasse;96,53;27,786
2022-02;Transilien;P;Paris Est;89,87;8,87
2022-02;Transilien;R;Paris Sud Est;91,46;10,71
2022-03;RER;A;RER A;91,11;10,244
2022-03;RER;B;RER B;85,90;6,093
2022-03;RER;C;RER C;91,59;10,894
2022-03;RER;D;RER D;87,74;7,154
2022-03;RER;E;RER E;92,40;12,165
2022-03;Transilien;H;Paris Nord Ouest;96,60;28,451
2022-03;Transilien;J;Paris Saint-Lazare Nord;93,94;15,488
2022-03;Transilien;K;Paris Nord Crépy;96,59;28,291
2022-03;Transilien;L;Paris Saint-Lazare Sud;94,48;17,121
2022-03;Transilien;N;Paris Montparnasse;95,36;20,572
2022-03;Transilien;P;Paris Est;88,58;7,755
2022-03;Transilien;R;Paris Sud Est;89,42;8,454
2022-04;RER;A;RER A;91,15;10,295
2022-04;RER;B;RER B;84,02;5,259
2022-04;RER;C;RER C;90,30;9,305
2022-04;RER;D;RER D;87,17;6,791
2022-04;RER;E;RER E;93,43;14,225
2022-04;Transilien;H;Paris Nord Ouest;94,38;16,782
2022-04;Transilien;J;Paris Saint-Lazare Nord;94,79;18,177
2022-04;Transilien;K;Paris Nord Crépy;93,74;14,986
2022-04;Transilien;L;Paris Saint-Lazare Sud;94,63;17,628
2022-04;Transilien;N;Paris Montparnasse;95,83;23,006
2022-04;Transilien;P;Paris Est;92,12;11,689
2022-04;Transilien;R;Paris Sud Est;90,93;10,02
2022-05;RER;A;RER A;92,83;12,953
2022-05;RER;B;RER B;85,19;5,754
2022-05;RER;C;RER C;92,70;12,692
2022-05;RER;D;RER D;89,34;8,379
2022-05;RER;E;RER E;93,20;13,71
2022-05;Transilien;H;Paris Nord Ouest;96,47;27,332
2022-05;Transilien;J;Paris Saint-Lazare Nord;94,43;16,954
2022-05;Transilien;K;Paris Nord Crépy;95,84;23,017
2022-05;Transilien;L;Paris Saint-Lazare Sud;97,51;39,203
2022-05;Transilien;N;Paris Montparnasse;94,81;18,284
2022-05;Transilien;P;Paris Est;90,26;9,262
2022-05;Transilien;R;Paris Sud Est;92,28;11,95
2022-06;RER;A;RER A;83,84;5,187
2022-06;RER;B;RER B;82,46;4,701
2022-06;RER;C;RER C;90,86;9,94
2022-06;RER;D;RER D;87,50;7,001
2022-06;RER;E;RER E;92,92;13,133
2022-06;Transilien;H;Paris Nord Ouest;94,73;17,967
2022-06;Transilien;J;Paris Saint-Lazare Nord;87,87;7,243
2022-06;Transilien;K;Paris Nord Crépy;97,11;33,632
2022-06;Transilien;L;Paris Saint-Lazare Sud;89,54;8,56
2022-06;Transilien;N;Paris Montparnasse;94,35;16,693
2022-06;Transilien;P;Paris Est;82,37;4,671
2022-06;Transilien;R;Paris Sud Est;89,00;8,088
2022-07;RER;A;RER A;85,94;6,111
2022-07;RER;B;RER B;73,83;2,821
2022-07;RER;C;RER C;84,38;5,403
2022-07;RER;D;RER D;82,28;4,643
2022-07;RER;E;RER E;94,42;16,908
2022-07;Transilien;H;Paris Nord Ouest;90,85;9,934
2022-07;Transilien;J;Paris Saint-Lazare Nord;91,76;11,136
2022-07;Transilien;K;Paris Nord Crépy;98,71;76,556
2022-07;Transilien;L;Paris Saint-Lazare Sud;93,75;15,01
2022-07;Transilien;N;Paris Montparnasse;96,44;27,065
2022-07;Transilien;P;Paris Est;86,41;6,361
2022-07;Transilien;R;Paris Sud Est;88,77;7,901
2022-07;Transilien;U;La Verrière - La Défense;44,93;0,816
2022-08;RER;A;RER A;93,63;14,71
2022-08;RER;B;RER B;82,37;4,672
2022-08;RER;C;RER C;91,92;11,382
2022-08;RER;D;RER D;88,90;8,011
2022-08;RER;E;RER E;93,53;14,447
2022-08;Transilien;H;Paris Nord Ouest;95,45;20,961
2022-08;Transilien;J;Paris Saint-Lazare Nord;94,93;18,739
2022-08;Transilien;K;Paris Nord Crépy;94,52;17,233
2022-08;Transilien;L;Paris Saint-Lazare Sud;96,86;30,807
2022-08;Transilien;N;Paris Montparnasse;96,60;28,377
2022-08;Transilien;P;Paris Est;90,15;9,151
2022-08;Transilien;R;Paris Sud Est;91,56;10,849
2022-08;Transilien;U;La Verrière - La Défense;63,27;1,723
2022-09;RER;A;RER A;90,76;9,826
2022-09;RER;B;RER B;82,46;4,702
2022-09;RER;C;RER C;90,76;9,822
2022-09;RER;D;RER D;83,81;5,177
2022-09;RER;E;RER E;93,65;14,743
2022-09;Transilien;H;Paris Nord Ouest;96,98;32,063
2022-09;Transilien;J;Paris Saint-Lazare Nord;92,18;11,788
2022-09;Transilien;K;Paris Nord Crépy;98,43;62,673
2022-09;Transilien;L;Paris Saint-Lazare Sud;93,87;15,3
2022-09;Transilien;N;Paris Montparnasse;95,78;22,706
2022-09;Transilien;P;Paris Est;90,15;9,148
2022-09;Transilien;R;Paris Sud Est;91,57;10,857
2022-09;Transilien;U;La Verrière - La Défense;73,98;2,843
2022-10;RER;A;RER A;87,27;6,853
2022-10;RER;B;RER B;80,79;4,206
2022-10;RER;C;RER C;90,32;9,333
2022-10;RER;D;RER D;87,28;6,862
2022-10;RER;E;RER E;92,03;11,544
2022-10;Transilien;H;Paris Nord Ouest;97,21;34,773
2022-10;Transilien;J;Paris Saint-Lazare Nord;92,65;12,607
2022-10;Transilien;K;Paris Nord Crépy;95,01;19,02
2022-10;Transilien;L;Paris Saint-Lazare Sud;92,12;11,683
2022-10;Transilien;N;Paris Montparnasse;95,11;19,452
2022-10;Transilien;P;Paris Est;90,44;9,463
2022-10;Transilien;R;Paris Sud Est;90,20;9,201
2022-10;Transilien;U;La Verrière - La Défense;92,34;12,056
2022-11;RER;A;RER A;86,15;6,219
2022-11;RER;B;RER B;82,42;4,688
2022-11;RER;C;RER C;85,32;5,811
2022-11;RER;D;RER D;83,25;4,968
2022-11;RER;E;RER E;94,19;16,221
2022-11;Transilien;H;Paris Nord Ouest;95,37;20,579
2022-11;Transilien;J;Paris Saint-Lazare Nord;92,32;12,012
2022-11;Transilien;K;Paris Nord Crépy;96,49;27,501
2022-11;Transilien;L;Paris Saint-Lazare Sud;94,12;16,017
2022-11;Transilien;N;Paris Montparnasse;94,26;16,419
2022-11;Transilien;P;Paris Est;89,86;8,866
2022-11;Transilien;R;Paris Sud Est;87,99;7,329
2022-11;Transilien;U;La Verrière - La Défense;92,17;11,778
2022-12;RER;A;RER A;82,58;4,742
2022-12;RER;B;RER B;81,46;4,395
2022-12;RER;C;RER C;81,78;4,489
2022-12;RER;D;RER D;84,52;5,46
2022-12;RER;E;RER E;93,53;14,451
2022-12;Transilien;H;Paris Nord Ouest;93,59;14,589
2022-12;Transilien;J;Paris Saint-Lazare Nord;91,68;11,024
2022-12;Transilien;K;Paris Nord Crépy;96,79;30,129
2022-12;Transilien;L;Paris Saint-Lazare Sud;91,85;11,267
2022-12;Transilien;N;Paris Montparnasse;97,07;33,156
2022-12;Transilien;P;Paris Est;91,95;11,419
2022-12;Transilien;R;Paris Sud Est;88,46;7,667
2022-12;Transilien;U;La Verrière - La Défense;91,70;11,044
2023-01;RER;A;RER A;86,08;6,182
2023-01;RER;B;RER B;80,07;4,017
2023-01;RER;C;RER C;89,62;8,637
2023-01;RER;D;RER D;87,18;6,803
2023-01;RER;E;RER E;94,24;16,346
2023-01;Transilien;H;Paris Nord Ouest;97,57;40,176
2023-01;Transilien;J;Paris Saint-Lazare Nord;95,47;21,063
2023-01;Transilien;K;Paris Nord Crépy;94,62;17,589
2023-01;Transilien;L;Paris Saint-Lazare Sud;96,37;26,524
2023-01;Transilien;N;Paris Montparnasse;95,12;19,471
2023-01;Transilien;P;Paris Est;90,85;9,933
2023-01;Transilien;R;Paris Sud Est;86,67;6,504
2023-01;Transilien;U;La Verrière - La Défense;95,69;22,199
2023-02;RER;A;RER A;87,68;7,118
2023-02;RER;B;RER B;84,87;5,608
2023-02;RER;C;RER C;85,49;5,89
2023-02;RER;D;RER D;85,05;5,689
2023-02;RER;E;RER E;93,25;13,816
2023-02;Transilien;H;Paris Nord Ouest;95,88;23,278
2023-02;Transilien;J;Paris Saint-Lazare Nord;93,92;15,451
2023-02;Transilien;K;Paris Nord Crépy;97,78;43,978
2023-02;Transilien;L;Paris Saint-Lazare Sud;96,48;27,385
2023-02;Transilien;N;Paris Montparnasse;96,72;29,448
2023-02;Transilien;P;Paris Est;93,45;14,271
2023-02;Transilien;R;Paris Sud Est;89,18;8,241
2023-02;Transilien;U;La Verrière - La Défense;97,41;37,536
2023-03;RER;A;RER A;90,37;9,386
2023-03;RER;B;RER B;87,41;6,943
2023-03;RER;C;RER C;91,82;11,231
2023-03;RER;D;RER D;90,85;9,923
2023-03;RER;E;RER E;91,13;10,274
2023-03;Transilien;H;Paris Nord Ouest;94,41;16,874
2023-03;Transilien;J;Paris Saint-Lazare Nord;95,83;22,993
2023-03;Transilien;K;Paris Nord Crépy;95,86;23,164
2023-03;Transilien;L;Paris Saint-Lazare Sud;97,36;36,891
2023-03;Transilien;N;Paris Montparnasse;94,34;16,666
2023-03;Transilien;P;Paris Est;88,54;7,723
2023-03;Transilien;R;Paris Sud Est;89,95;8,954
2023-03;Transilien;U;La Verrière - La Défense;95,99;23,917
2023-04;RER;A;RER A;89,79;8,79
2023-04;RER;B;RER B;81,77;4,487
2023-04;RER;C;RER C;89,34;8,378
2023-04;RER;D;RER D;88,59;7,766
2023-04;RER;E;RER E;96,49;27,459
2023-04;Transilien;H;Paris Nord Ouest;96,68;29,157
2023-04;Transilien;J;Paris Saint-Lazare Nord;93,89;15,356
2023-04;Transilien;K;Paris Nord Crépy;92,80;12,881
2023-04;Transilien;L;Paris Saint-Lazare Sud;96,28;25,912
2023-04;Transilien;N;Paris Montparnasse;96,96;31,918
2023-04;Transilien;P;Paris Est;93,25;13,804
2023-04;Transilien;R;Paris Sud Est;87,99;7,328
2023-04;Transilien;U;La Verrière - La Défense;95,00;18,996
2023-05;RER;A;RER A;87,78;7,183
2023-05;RER;B;RER B;80,19;4,048
2023-05;RER;C;RER C;87,51;7,003
2023-05;RER;D;RER D;86,89;6,628
2023-05;RER;E;RER E;94,95;18,814
2023-05;Transilien;H;Paris Nord Ouest;92,93;13,148
2023-05;Transilien;J;Paris Saint-Lazare Nord;90,37;9,387
2023-05;Transilien;K;Paris Nord Crépy;91,86;11,283
2023-05;Transilien;L;Paris Saint-Lazare Sud;91,84;11,257
2023-05;Transilien;N;Paris Montparnasse;95,60;21,701
2023-05;Transilien;P;Paris Est;94,16;16,111
2023-05;Transilien;R;Paris Sud Est;90,40;9,419
2023-05;Transilien;U;La Verrière - La Défense;95,63;21,882
2023-06;RER;A;RER A;86,61;6,468
2023-06;RER;B;RER B;83,08;4,911
2023-06;RER;C;RER C;82,37;4,673
2023-06;RER;D;RER D;81,61;4,438
2023-06;RER;E;RER E;92,32;12,023
2023-06;Transilien;H;Paris Nord Ouest;90,98;10,091
2023-06;Transilien;J;Paris Saint-Lazare Nord;91,71;11,065
2023-06;Transilien;K;Paris Nord Crépy;94,10;15,942
2023-06;Transilien;L;Paris Saint-Lazare Sud;91,41;10,636
2023-06;Transilien;N;Paris Montparnasse;95,28;20,189
2023-06;Transilien;P;Paris Est;90,30;9,308
2023-06;Transilien;R;Paris Sud Est;87,49;6,992
2023-06;Transilien;U;La Verrière - La Défense;95,39;20,679
2023-07;RER;A;RER A;87,75;7,162
2023-07;RER;B;RER B;85,52;5,904
2023-07;RER;C;RER C;82,10;4,588
2023-07;RER;D;RER D;89,73;8,739
2023-07;RER;E;RER E;93,04;13,363
2023-07;Transilien;H;Paris Nord Ouest;95,39;20,712
2023-07;Transilien;J;Paris Saint-Lazare Nord;94,31;16,585
2023-07;Transilien;K;Paris Nord Crépy;91,52;10,795
2023-07;Transilien;L;Paris Saint-Lazare Sud;96,25;25,673
2023-07;Transilien;N;Paris Montparnasse;96,01;24,069
2023-07;Transilien;P;Paris Est;90,24;9,244
2023-07;Transilien;R;Paris Sud Est;91,03;10,148
2023-07;Transilien;U;La Verrière - La Défense;98,00;48,912
2023-08;RER;A;RER A;92,14;11,717
2023-08;RER;B;RER B;89,29;8,339
2023-08;RER;C;RER C;92,33;12,041
2023-08;RER;D;RER D;89,67;8,676
2023-08;RER;E;RER E;94,69;17,836
2023-08;Transilien;H;Paris Nord Ouest;96,95;31,805
2023-08;Transilien;J;Paris Saint-Lazare Nord;95,59;21,68
2023-08;Transilien;K;Paris Nord Crépy;97,34;36,579
2023-08;Transilien;L;Paris Saint-Lazare Sud;95,37;20,611
2023-08;Transilien;N;Paris Montparnasse;96,64;28,794
2023-08;Transilien;P;Paris Est;87,33;6,895
2023-08;Transilien;R;Paris Sud Est;93,70;14,876
2023-08;Transilien;U;La Verrière - La Défense;97,53;39,478
2023-09;RER;A;RER A;86,45;6,38
2023-09;RER;B;RER B;82,23;4,627
2023-09;RER;C;RER C;84,81;5,582
2023-09;RER;D;RER D;88,12;7,42
2023-09;RER;E;RER E;95,08;19,304
2023-09;Transilien;H;Paris Nord Ouest;95,71;22,296
2023-09;Transilien;J;Paris Saint-Lazare Nord;92,61;12,524
2023-09;Transilien;K;Paris Nord Crépy;95,72;22,364
2023-09;Transilien;L;Paris Saint-Lazare Sud;94,69;17,841
2023-09;Transilien;N;Paris Montparnasse;96,25;25,634
2023-09;Transilien;P;Paris Est;91,26;10,438
2023-09;Transilien;R;Paris Sud Est;90,57;9,606
2023-09;Transilien;U;La Verrière - La Défense;96,05;24,315
2023-10;RER;A;RER A;84,20;5,33
2023-10;RER;B;RER B;83,37;5,013
2023-10;RER;C;RER C;88,00;7,334
2023-10;RER;D;RER D;85,15;5,732
2023-10;RER;E;RER E;93,64;14,732
2023-10;Transilien;H;Paris Nord Ouest;95,90;23,417
2023-10;Transilien;J;Paris Saint-Lazare Nord;94,03;15,737
2023-10;Transilien;K;Paris Nord Crépy;98,00;48,877
2023-10;Transilien;L;Paris Saint-Lazare Sud;94,58;17,438
2023-10;Transilien;N;Paris Montparnasse;91,16;10,316
2023-10;Transilien;P;Paris Est;85,00;5,669
2023-10;Transilien;R;Paris Sud Est;84,99;5,663
2023-10;Transilien;U;La Verrière - La Défense;95,39;20,697
2023-11;RER;A;RER A;75,59;3,096
2023-11;RER;B;RER B;77,21;3,387
2023-11;RER;C;RER C;82,08;4,581
2023-11;RER;D;RER D;81,74;4,475
2023-11;RER;E;RER E;90,45;9,474
2023-11;Transilien;H;Paris Nord Ouest;90,79;9,856
2023-11;Transilien;J;Paris Saint-Lazare Nord;83,20;4,95
2023-11;Transilien;K;Paris Nord Crépy;88,25;7,507
2023-11;Transilien;L;Paris Saint-Lazare Sud;86,68;6,509
2023-11;Transilien;N;Paris Montparnasse;82,58;4,74
2023-11;Transilien;P;Paris Est;76,77;3,304
2023-11;Transilien;R;Paris Sud Est;88,88;7,99
2023-11;Transilien;U;La Verrière - La Défense;87,07;6,732
2023-12;RER;A;RER A;86,26;6,279
2023-12;RER;B;RER B;80,65;4,167
2023-12;RER;C;RER C;81,41;4,38
2023-12;RER;D;RER D;81,65;4,449
2023-12;RER;E;RER E;94,25;16,386
2023-12;Transilien;H;Paris Nord Ouest;95,47;21,074
2023-12;Transilien;J;Paris Saint-Lazare Nord;92,09;11,647
2023-12;Transilien;K;Paris Nord Crépy;96,31;26,105
2023-12;Transilien;L;Paris Saint-Lazare Sud;93,73;14,937
2023-12;Transilien;N;Paris Montparnasse;90,43;9,446
2023-12;Transilien;P;Paris Est;89,54;8,559
2023-12;Transilien;R;Paris Sud Est;91,74;11,106
2023-12;Transilien;U;La Verrière - La Défense;92,20;11,813
2024-01;RER;A;RER A;81,70;4,464
2024-01;RER;B;RER B;84,38;5,404
2024-01;RER;C;RER C;80,93;4,243
2024-01;RER;D;RER D;83,04;4,895
2024-01;RER;E;RER E;94,14;16,068
2024-01;Transilien;H;Paris Nord Ouest;92,99;13,262
2024-01;Transilien;J;Paris Saint-Lazare Nord;90,57;9,603
2024-01;Transilien;K;Paris Nord Crépy;95,82;22,938
2024-01;Transilien;L;Paris Saint-Lazare Sud;90,71;9,766
2024-01;Transilien;N;Paris Montparnasse;92,00;11,494
2024-01;Transilien;P;Paris Est;87,00;6,693
2024-01;Transilien;R;Paris Sud Est;88,58;7,756
2024-01;Transilien;U;La Verrière - La Défense;91,20;10,369
2024-02;RER;A;RER A;89,43;8,457
2024-02;RER;B;RER B;84,13;5,301
2024-02;RER;C;RER C;84,36;5,392
2024-02;RER;D;RER D;88,05;7,365
2024-02;RER;E;RER E;90,89;9,973
2024-02;Transilien;H;Paris Nord Ouest;94,31;16,584
2024-02;Transilien;J;Paris Saint-Lazare Nord;94,15;16,096
2024-02;Transilien;K;Paris Nord Crépy;96,12;24,769
2024-02;Transilien;L;Paris Saint-Lazare Sud;94,87;18,502
2024-02;Transilien;N;Paris Montparnasse;95,36;20,548
2024-02;Transilien;P;Paris Est;89,46;8,484
2024-02;Transilien;R;Paris Sud Est;90,73;9,791
2024-02;Transilien;U;La Verrière - La Défense;96,84;30,652
2024-03;RER;A;RER A;88,40;7,623
2024-03;RER;B;RER B;85,36;5,829
2024-03;RER;C;RER C;86,24;6,265
2024-03;RER;D;RER D;81,88;4,519
2024-03;RER;E;RER E;94,62;17,587
2024-03;Transilien;H;Paris Nord Ouest;95,82;22,908
2024-03;Transilien;J;Paris Saint-Lazare Nord;93,80;15,14
2024-03;Transilien;K;Paris Nord Crépy;97,57;40,212
2024-03;Transilien;L;Paris Saint-Lazare Sud;93,77;15,054
2024-03;Transilien;N;Paris Montparnasse;95,10;19,418
2024-03;Transilien;P;Paris Est;93,95;15,536
2024-03;Transilien;R;Paris Sud Est;88,85;7,972
2024-03;Transilien;U;La Verrière - La Défense;93,14;13,579
2024-04;RER;A;RER A;86,03;6,156
2024-04;RER;B;RER B;87,84;7,224
2024-04;RER;C;RER C;90,11;9,115
2024-04;RER;D;RER D;87,23;6,829
2024-04;RER;E;RER E;92,01;11,516
2024-04;Transilien;H;Paris Nord Ouest;95,61;21,765
2024-04;Transilien;J;Paris Saint-Lazare Nord;94,09;15,924
2024-04;Transilien;K;Paris Nord Crépy;94,90;18,61
2024-04;Transilien;L;Paris Saint-Lazare Sud;95,44;20,905
2024-04;Transilien;N;Paris Montparnasse;95,18;19,738
2024-04;Transilien;P;Paris Est;93,51;14,401
2024-04;Transilien;R;Paris Sud Est;91,10;10,234
2024-04;Transilien;U;La Verrière - La Défense;95,58;21,608
2024-05;RER;A;RER A;86,71;6,523
2024-05;RER;B;RER B;87,50;7,003
2024-05;RER;C;RER C;85,56;5,925
2024-05;RER;D;RER D;89,50;8,523
2024-05;RER;E;RER E;93,19;13,689
2024-05;Transilien;H;Paris Nord Ouest;95,70;22,23
2024-05;Transilien;J;Paris Saint-Lazare Nord;92,63;12,567
2024-05;Transilien;K;Paris Nord Crépy;97,44;38,085
2024-05;Transilien;L;Paris Saint-Lazare Sud;93,51;14,415
2024-05;Transilien;N;Paris Montparnasse;96,80;30,211
2024-05;Transilien;P;Paris Est;91,40;10,632
2024-05;Transilien;R;Paris Sud Est;91,48;10,731
2024-05;Transilien;U;La Verrière - La Défense;95,89;23,33
2024-06;RER;A;RER A;89,94;8,94
2024-06;RER;B;RER B;83,40;5,022
2024-06;RER;C;RER C;88,06;7,372
2024-06;RER;D;RER D;86,12;6,202
2024-06;RER;E;RER E;90,68;9,725
2024-06;Transilien;H;Paris Nord Ouest;97,06;33,042
2024-06;Transilien;J;Paris Saint-Lazare Nord;92,79;12,877
2024-06;Transilien;K;Paris Nord Crépy;97,24;35,186
2024-06;Transilien;L;Paris Saint-Lazare Sud;92,94;13,169
2024-06;Transilien;N;Paris Montparnasse;96,56;28,045
2024-06;Transilien;P;Paris Est;91,70;11,052
2024-06;Transilien;R;Paris Sud Est;89,40;8,431
2024-06;Transilien;U;La Verrière - La Défense;94,66;17,737
2024-07;RER;A;RER A;89,36;8,402
2024-07;RER;B;RER B;89,40;8,435
2024-07;RER;C;RER C;91,94;11,399
2024-07;RER;D;RER D;91,77;11,155
2024-07;RER;E;RER E;94,90;18,598
2024-07;Transilien;H;Paris Nord Ouest;96,82;30,422
2024-07;Transilien;J;Paris Saint-Lazare Nord;94,40;16,84
2024-07;Transilien;K;Paris Nord Crépy;97,36;36,856
2024-07;Transilien;L;Paris Saint-Lazare Sud;95,53;21,367
2024-07;Transilien;N;Paris Montparnasse;95,51;21,249
2024-07;Transilien;P;Paris Est;94,09;15,931
2024-07;Transilien;R;Paris Sud Est;90,33;9,341
2024-07;Transilien;U;La Verrière - La Défense;95,89;23,321
2024-08;RER;A;RER A;91,35;10,565
2024-08;RER;B;RER B;92,36;12,09
2024-08;RER;C;RER C;95,79;22,749
2024-08;RER;D;RER D;93,37;14,088
2024-08;RER;E;RER E;96,46;27,277
2024-08;Transilien;H;Paris Nord Ouest;98,00;49,1
2024-08;Transilien;J;Paris Saint-Lazare Nord;95,91;23,473
2024-08;Transilien;K;Paris Nord Crépy;96,76;29,876
2024-08;Transilien;L;Paris Saint-Lazare Sud;98,36;60,069
2024-08;Transilien;N;Paris Montparnasse;96,47;27,344
2024-08;Transilien;P;Paris Est;96,15;25,001
2024-08;Transilien;R;Paris Sud Est;95,91;23,426
2024-08;Transilien;U;La Verrière - La Défense;98,42;62,327
2024-09;RER;A;RER A;90,94;10,031
2024-09;RER;B;RER B;86,85;6,605
2024-09;RER;C;RER C;91,01;10,123
2024-09;RER;D;RER D;89,61;8,62
2024-09;RER;E;RER E;92,38;12,128
2024-09;Transilien;H;Paris Nord Ouest;97,48;38,66
2024-09;Transilien;J;Paris Saint-Lazare Nord;95,78;22,713
2024-09;Transilien;K;Paris Nord Crépy;97,39;37,346
2024-09;Transilien;L;Paris Saint-Lazare Sud;96,94;31,72
2024-09;Transilien;N;Paris Montparnasse;96,48;27,418
2024-09;Transilien;P;Paris Est;92,96;13,201
2024-09;Transilien;R;Paris Sud Est;93,19;13,691
2024-09;Transilien;U;La Verrière - La Défense;96,29;25,97
2024-10;RER;A;RER A;85,93;6,106
2024-10;RER;B;RER B;84,17;5,317
2024-10;RER;C;RER C;86,24;6,265
2024-10;RER;D;RER D;85,19;5,753
2024-10;RER;E;RER E;90,85;9,931
2024-10;Transilien;H;Paris Nord Ouest;93,77;15,04
2024-10;Transilien;J;Paris Saint-Lazare Nord;92,74;12,779
2024-10;Transilien;K;Paris Nord Crépy;94,55;17,336
2024-10;Transilien;L;Paris Saint-Lazare Sud;95,10;19,4
2024-10;Transilien;N;Paris Montparnasse;93,97;15,593
2024-10;Transilien;P;Paris Est;90,35;9,36
2024-10;Transilien;R;Paris Sud Est;94,40;16,865
2024-10;Transilien;U;La Verrière - La Défense;94,36;16,73
2024-11;RER;A;RER A;86,00;6,142
2024-11;RER;B;RER B;84,30;5,368
2024-11;RER;C;RER C;84,46;5,436
2024-11;RER;D;RER D;84,88;5,616
2024-11;RER;E;RER E;93,53;14,454
2024-11;Transilien;H;Paris Nord Ouest;94,17;16,163
2024-11;Transilien;J;Paris Saint-Lazare Nord;93,48;14,336
2024-11;Transilien;K;Paris Nord Crépy;94,12;16,003
2024-11;Transilien;L;Paris Saint-Lazare Sud;94,98;18,936
2024-11;Transilien;N;Paris Montparnasse;91,60;10,908
2024-11;Transilien;P;Paris Est;89,06;8,144
2024-11;Transilien;R;Paris Sud Est;90,81;9,878
2024-11;Transilien;U;La Verrière - La Défense;93,28;13,882
2024-12;RER;A;RER A;87,57;7,042
2024-12;RER;B;RER B;80,45;4,114
2024-12;RER;C;RER C;87,25;6,843
2024-12;RER;D;RER D;89,10;8,177
2024-12;RER;E;RER E;89,69;8,7
2024-12;Transilien;H;Paris Nord Ouest;94,09;15,92
2024-12;Transilien;J;Paris Saint-Lazare Nord;95,06;19,226
2024-12;Transilien;K;Paris Nord Crépy;92,41;12,177
2024-12;Transilien;L;Paris Saint-Lazare Sud;94,69;17,833
2024-12;Transilien;N;Paris Montparnasse;94,70;17,87
2024-12;Transilien;P;Paris Est;90,89;9,974
2024-12;Transilien;R;Paris Sud Est;92,31;12,003
2024-12;Transilien;U;La Verrière - La Défense;93,94;15,51
2025-01;RER;A;RER A;88,64;7,802
2025-01;RER;B;RER B;84,10;5,29
2025-01;RER;C;RER C;82,44;4,695
2025-01;RER;D;RER D;87,28;6,861
2025-01;RER;E;RER E;87,86;7,239
2025-01;Transilien;H;Paris Nord Ouest;94,71;17,887
2025-01;Transilien;J;Paris Saint-Lazare Nord;92,44;12,226
2025-01;Transilien;K;Paris Nord Crépy;95,98;23,899
2025-01;Transilien;L;Paris Saint-Lazare Sud;94,84;18,365
2025-01;Transilien;N;Paris Montparnasse;92,67;12,64
2025-01;Transilien;P;Paris Est;91,96;11,433
2025-01;Transilien;R;Paris Sud Est;88,51;7,703
2025-01;Transilien;U;La Verrière - La Défense;88,05;7,366
2025-02;RER;A;RER A;92,06;11,592
2025-02;RER;B;RER B;88,67;7,825
2025-02;RER;C;RER C;84,88;5,616
2025-02;RER;D;RER D;84,88;5,612
2025-02;RER;E;RER E;85,53;5,909
2025-02;Transilien;H;Paris Nord Ouest;95,76;22,594
2025-02;Transilien;J;Paris Saint-Lazare Nord;94,65;17,68
2025-02;Transilien;K;Paris Nord Crépy;98,06;50,416
2025-02;Transilien;L;Paris Saint-Lazare Sud;94,22;16,287
2025-02;Transilien;N;Paris Montparnasse;94,36;16,719
2025-02;Transilien;P;Paris Est;87,45;6,969
2025-02;Transilien;R;Paris Sud Est;87,73;7,152
2025-02;Transilien;U;La Verrière - La Défense;91,87;11,293
2025-03;RER;A;RER A;89,08;8,156
2025-03;RER;B;RER B;86,79;6,567
2025-03;RER;C;RER C;88,38;7,608
2025-03;RER;D;RER D;87,67;7,112
2025-03;RER;E;RER E;91,25;10,431
2025-03;Transilien;H;Paris Nord Ouest;96,34;26,341
2025-03;Transilien;J;Paris Saint-Lazare Nord;93,84;15,228
2025-03;Transilien;K;Paris Nord Crépy;96,72;29,451
2025-03;Transilien;L;Paris Saint-Lazare Sud;95,42;20,813
2025-03;Transilien;N;Paris Montparnasse;95,59;21,654
2025-03;Transilien;P;Paris Est;92,11;11,667
2025-03;Transilien;R;Paris Sud Est;90,58;9,615
2025-03;Transilien;U;La Verrière - La Défense;95,16;19,639
2025-04;RER;A;RER A;89,55;8,573
2025-04;RER;B;RER B;87,77;7,179
2025-04;RER;C;RER C;89,99;8,99
2025-04;RER;D;RER D;83,66;5,119
2025-04;RER;E;RER E;90,57;9,609
2025-04;Transilien;H;Paris Nord Ouest;92,74;12,77
2025-04;Transilien;J;Paris Saint-Lazare Nord;93,48;14,336
2025-04;Transilien;K;Paris Nord Crépy;95,56;21,52
2025-04;Transilien;L;Paris Saint-Lazare Sud;94,82;18,296
2025-04;Transilien;N;Paris Montparnasse;93,81;15,164
2025-04;Transilien;P;Paris Est;93,25;13,82
2025-04;Transilien;R;Paris Sud Est;86,55;6,434
2025-04;Transilien;U;La Verrière - La Défense;94,66;17,731
2025-05;RER;A;RER A;89,25;8,299
2025-05;RER;B;RER B;87,42;6,949
2025-05;RER;C;RER C;92,47;12,273
2025-05;RER;D;RER D;84,47;5,44
2025-05;RER;E;RER E;89,88;8,884
2025-05;Transilien;H;Paris Nord Ouest;95,91;23,475
2025-05;Transilien;J;Paris Saint-Lazare Nord;94,08;15,897
2025-05;Transilien;K;Paris Nord Crépy;95,33;20,402
2025-05;Transilien;L;Paris Saint-Lazare Sud;95,11;19,441
2025-05;Transilien;N;Paris Montparnasse;96,27;25,782
2025-05;Transilien;P;Paris Est;88,92;8,022
2025-05;Transilien;R;Paris Sud Est;92,95;13,18
2025-05;Transilien;U;La Verrière - La Défense;93,90;15,384
2025-06;RER;A;RER A;80,94;4,245
2025-06;RER;B;RER B;86,19;6,239
2025-06;RER;C;RER C;86,07;6,177
2025-06;RER;D;RER D;85,16;5,738
2025-06;RER;E;RER E;88,11;7,412
2025-06;Transilien;H;Paris Nord Ouest;92,79;12,866
2025-06;Transilien;J;Paris Saint-Lazare Nord;92,59;12,496
2025-06;Transilien;K;Paris Nord Crépy;91,69;11,037
2025-06;Transilien;L;Paris Saint-Lazare Sud;92,65;12,605
2025-06;Transilien;N;Paris Montparnasse;95,79;22,759
2025-06;Transilien;P;Paris Est;87,50;6,998
2025-06;Transilien;R;Paris Sud Est;86,95;6,661
2025-06;Transilien;U;La Verrière - La Défense;91,12;10,262
2025-07;RER;A;RER A;89,37;8,411
2025-07;RER;B;RER B;88,64;7,8
2025-07;RER;C;RER C;88,32;7,562
2025-07;RER;D;RER D;85,98;6,133
2025-07;RER;E;RER E;92,72;12,738
2025-07;Transilien;H;Paris Nord Ouest;95,04;19,177
2025-07;Transilien;J;Paris Saint-Lazare Nord;91,90;11,341
2025-07;Transilien;K;Paris Nord Crépy;95,23;19,953
2025-07;Transilien;L;Paris Saint-Lazare Sud;92,32;12,021
2025-07;Transilien;N;Paris Montparnasse;95,36;20,568
2025-07;Transilien;P;Paris Est;92,29;11,962
2025-07;Transilien;R;Paris Sud Est;89,61;8,624
2025-07;Transilien;U;La Verrière - La Défense;94,82;18,321
2025-08;RER;A;RER A;94,75;18,062
2025-08;RER;B;RER B;93,68;14,828
2025-08;RER;C;RER C;94,79;18,208
2025-08;RER;D;RER D;90,13;9,135
2025-08;RER;E;RER E;94,78;18,139
2025-08;Transilien;H;Paris Nord Ouest;97,24;35,185
2025-08;Transilien;J;Paris Saint-Lazare Nord;94,82;18,307
2025-08;Transilien;K;Paris Nord Crépy;92,73;12,751
2025-08;Transilien;L;Paris Saint-Lazare Sud;95,49;21,193
2025-08;Transilien;N;Paris Montparnasse;97,68;42,043
2025-08;Transilien;P;Paris Est;94,38;16,785
2025-08;Transilien;R;Paris Sud Est;91,74;11,112
2025-08;Transilien;U;La Verrière - La Défense;98,48;64,86
2025-09;RER;A;RER A;92,10;11,665
2025-09;RER;B;RER B;85,76;6,021
2025-09;RER;C;RER C;90,41;9,432
2025-09;RER;D;RER D;86,16;6,223
2025-09;RER;E;RER E;91,72;11,075
2025-09;Transilien;H;Paris Nord Ouest;94,32;16,607
2025-09;Transilien;J;Paris Saint-Lazare Nord;95,44;20,935
2025-09;Transilien;K;Paris Nord Crépy;90,43;9,447
2025-09;Transilien;L;Paris Saint-Lazare Sud;94,03;15,747
2025-09;Transilien;N;Paris Montparnasse;97,06;32,973
2025-09;Transilien;P;Paris Est;93,01;13,311
2025-09;Transilien;R;Paris Sud Est;85,43;5,861
2025-09;Transilien;U;La Verrière - La Défense;91,24;10,415
2025-10;RER;A;RER A;88,73;7,875
2025-10;RER;B;RER B;84,15;5,307
2025-10;RER;C;RER C;89,03;8,116
2025-10;RER;D;RER D;83,14;4,93
2025-10;RER;E;RER E;88,41;7,626
2025-10;Transilien;H;Paris Nord Ouest;92,54;12,412
2025-10;Transilien;J;Paris Saint-Lazare Nord;95,50;21,236
2025-10;Transilien;K;Paris Nord Crépy;91,12;10,265
2025-10;Transilien;L;Paris Saint-Lazare Sud;94,34;16,652
2025-10;Transilien;N;Paris Montparnasse;92,69;12,673
2025-10;Transilien;P;Paris Est;90,72;9,775
2025-10;Transilien;R;Paris Sud Est;88,47;7,669
2025-10;Transilien;U;La Verrière - La Défense;91,70;11,051
2025-11;RER;A;RER A;86,43;6,369
2025-11;RER;B;RER B;81,13;4,298
2025-11;RER;C;RER C;87,00;6,694
2025-11;RER;D;RER D;82,96;4,867
2025-11;RER;E;RER E;91,13;10,273
2025-11;Transilien;H;Paris Nord Ouest;94,49;17,16
2025-11;Transilien;J;Paris Saint-Lazare Nord;91,35;10,561
2025-11;Transilien;K;Paris Nord Crépy;90,94;10,036
2025-11;Transilien;L;Paris Saint-Lazare Sud;91,92;11,369
2025-11;Transilien;N;Paris Montparnasse;95,39;20,695
2025-11;Transilien;P;Paris Est;91,60;10,908
2025-11;Transilien;R;Paris Sud Est;91,02;10,132
2025-11;Transilien;U;La Verrière - La Défense;90,59;9,625
2025-12;RER;A;RER A;87,19;6,809
2025-12;RER;B;RER B;88,58;7,753
2025-12;RER;C;RER C;90,57;9,604
2025-12;RER;D;RER D;87,93;7,284
2025-12;RER;E;RER E;92,56;12,442
2025-12;Transilien;H;Paris Nord Ouest;96,36;26,469
2025-12;Transilien;J;Paris Saint-Lazare Nord;93,72;14,919
2025-12;Transilien;K;Paris Nord Crépy;94,37;16,749
2025-12;Transilien;L;Paris Saint-Lazare Sud;95,10;19,412
2025-12;Transilien;N;Paris Montparnasse;96,40;26,757
2025-12;Transilien;P;Paris Est;94,15;16,086
2025-12;Transilien;R;Paris Sud Est;89,61;8,629
2025-12;Transilien;U;La Verrière - La Défense;94,72;17,922
