Date;Taux de ponctualité;Nombre de voyageurs à l'heure pour un voyageur en retard
01/01/2013;86.3153846153846;8.376923076923077
01/02/2013;87.15384615384616;8.592307692307692
01/03/2013;86.1;7.107692307692308
01/04/2013;88.13846153846154;9.36923076923077
01/05/2013;90.72307692307693;12.876923076923077
01/06/2013;87.13076923076923;8.784615384615385
01/07/2013;89.0076923076923;9.6
01/08/2013;92.01538461538462;13.392307692307693
01/09/2013;89.32307692307693;10.938461538461537
01/10/2013;86.5923076923077;8.26923076923077
01/11/2013;83.4076923076923;5.9692307692307685
01/12/2013;88.05384615384615;9.107692307692307
01/01/2014;87.70769230769231;10.223076923076924
01/02/2014;89.27692307692307;10.576923076923077
01/03/2014;90.33076923076922;11.600000000000001
01/04/2014;90.24615384615385;11.246153846153845
01/05/2014;91.16153846153846;12.73076923076923
01/06/2014;87.38333333333333;9.223076923076924
01/07/2014;87.52307692307691;8.6
01/08/2014;91.93846153846154;13.669230769230769
01/09/2014;89.44615384615385;12.23076923076923
01/10/2014;85.61538461538461;7.884615384615385
01/11/2014;86.30538461538461;8.292307692307691
01/12/2014;86.35384615384615;8.169230769230769
01/01/2015;88.97923076923077;10.569230769230769
01/02/2015;88.24461538461539;9.5
01/03/2015;89.40153846153846;12.338461538461539
01/04/2015;87.65384615384616;8.884615384615385
01/05/2015;89.47538461538463;11.76923076923077
01/06/2015;86.74307692307693;7.869230769230769
01/07/2015;87.91538461538462;8.607692307692307
01/08/2015;91.78615384615385;13.915384615384616
01/09/2015;87.79615384615384;9.015384615384615
01/10/2015;87.08615384615383;8.569230769230769
01/11/2015;85.48461538461538;7.3076923076923075
01/12/2015;89.02;10.761538461538462
01/01/2016;87.82307692307693;9.953846153846154
01/02/2016;88.85384615384615;10.86923076923077
01/03/2016;88.93846153846154;10.03076923076923
01/04/2016;90.1846153846154;11.953846153846154
01/05/2016;87.88461538461539;9.115384615384615
01/06/2016;86.98461538461538;8.053846153846154
01/07/2016;87.74615384615385;9.330769230769231
01/08/2016;89.92999999999999;10.084615384615384
01/09/2016;89.73846153846154;12.069230769230769
01/10/2016;88.72307692307693;10.884615384615385
01/11/2016;86.5076923076923;9.046153846153846
01/12/2016;84.41538461538462;7.800000000000001
01/01/2017;88.22692307692309;10.046153846153846
01/02/2017;89.20384615384616;10.646153846153847
01/03/2017;88.86923076923077;10.307692307692308
01/04/2017;89.08461538461538;10.569230769230767
01/05/2017;86.14230769230768;7.130769230769231
01/06/2017;85.50153846153846;7.461538461538462
01/07/2017;86.71153846153847;7.915384615384616
01/08/2017;92.56076923076922;15.276923076923076
01/09/2017;89.15384615384616;11.323076923076922
01/10/2017;86.88461538461539;7.984615384615385
01/11/2017;85.00923076923075;6.507692307692308
01/12/2017;87.23076923076923;7.746153846153846
01/01/2018;88.85384615384615;9.03076923076923
01/02/2018;82.1923076923077;5.053846153846154
01/03/2018;89.06153846153846;9.284615384615385
01/04/2018;91.46923076923076;13.553846153846154
01/05/2018;89.33846153846154;10.284615384615384
01/06/2018;88.44615384615385;9.26153846153846
01/07/2018;86.26153846153846;7.1692307692307695
01/08/2018;90.85384615384615;12.7
01/09/2018;90.20769230769231;11.553846153846154
01/10/2018;88.80538461538461;9.292307692307693
01/11/2018;85.71230769230769;6.753846153846154
01/12/2018;88.86153846153846;8.907692307692308
01/01/2019;87.64615384615385;8.2
01/02/2019;90.08076923076922;11.8
01/03/2019;92.25076923076924;14.038461538461538
01/04/2019;91.92153846153846;14.623076923076923
01/05/2019;91.72384615384615;12.123076923076923
01/06/2019;88.89769230769231;9.076923076923077
01/07/2019;89.30538461538461;9.984615384615385
01/08/2019;92.63230769230769;16.03076923076923
01/09/2019;89.99615384615385;11.423076923076923
01/10/2019;86.09461538461538;6.961538461538462
01/11/2019;88.00153846153846;9.823076923076924
01/02/2020;87.65;8.78046153846154
01/03/2020;90.12307692307692;23.003923076923076
01/06/2020;90.22153846153847;10.489384615384616
01/07/2020;92.41846153846154;14.620076923076924
01/08/2020;89.76;12.555692307692308
01/09/2020;91.49615384615385;12.80823076923077
01/10/2020;89.28615384615385;9.913307692307692
01/11/2020;92.56461538461538;14.534615384615384
01/12/2020;92.23230769230769;14.42469230769231
01/01/2021;91.54230769230769;14.171000000000001
01/02/2021;88.56384615384614;9.289923076923078
01/03/2021;92.68384615384616;14.281923076923077
01/04/2021;93.8076923076923;18.101615384615386
01/05/2021;94.12461538461538;19.954615384615387
01/06/2021;91.03615384615385;11.855538461538462
01/07/2021;92.55307692307693;16.413615384615387
01/08/2021;93.3423076923077;21.530230769230773
01/09/2021;91.39923076923077;13.475615384615384
01/10/2021;88.41461538461537;9.163538461538462
01/11/2021;90.06307692307692;11.138076923076921
01/12/2021;92.60307692307691;17.54169230769231
01/01/2022;91.50083333333333;12.534666666666666
01/02/2022;92.18916666666667;14.701250000000002
01/03/2022;91.97583333333334;14.390166666666666
01/04/2022;91.87416666666667;13.180250000000001
01/05/2022;92.90500000000002;16.624166666666667
01/06/2022;89.37916666666666;11.401333333333334
01/07/2022;85.57461538461538;14.666538461538462
01/08/2022;90.28384615384616;14.697076923076922
01/09/2022;90.33692307692309;16.280615384615384
01/10/2022;90.98230769230769;12.85023076923077
01/11/2022;90.30076923076923;12.18523076923077
01/12/2022;89.76615384615386;12.602461538461538
01/01/2023;91.50384615384615;15.803384615384617
01/02/2023;92.08923076923078;18.285307692307693
01/03/2023;92.60461538461537;15.76453846153846
01/04/2023;92.2176923076923;16.32553846153846
01/05/2023;90.77769230769232;12.143384615384615
01/06/2023;89.4346153846154;10.570384615384615
01/07/2023;91.60692307692308;15.838000000000001
01/08/2023;93.73615384615384;19.94823076923077
01/09/2023;91.50384615384615;14.487000000000002
01/10/2023;90.2623076923077;14.30423076923077
01/11/2023;83.94538461538461;5.892384615384615
01/12/2023;89.67153846153846;11.56523076923077
01/01/2024;88.69692307692307;9.76576923076923
01/02/2024;91.43846153846154;13.993384615384615
01/03/2024;91.42307692307692;14.741692307692308
01/04/2024;92.2023076923077;14.15576923076923
01/05/2024;92.10076923076923;15.681846153846154
01/06/2024;91.58076923076922;15.13846153846154
01/07/2024;93.63846153846154;17.947384615384614
01/08/2024;95.79307692307692;29.798846153846153
01/09/2024;93.63846153846154;19.86353846153846
01/10/2024;90.89384615384614;12.036538461538461
01/11/2024;90.35923076923078;11.174307692307691
01/12/2024;90.9346153846154;11.953000000000001
01/01/2025;89.96000000000001;11.03123076923077
01/02/2025;90.77846153846154;14.281846153846153
01/03/2025;92.22538461538463;14.944769230769229
01/04/2025;91.26230769230769;12.272384615384615
01/05/2025;91.99692307692308;14.109846153846153
01/06/2025;89.04230769230769;9.653461538461539
01/07/2025;91.66153846153846;12.662384615384614
01/08/2025;94.66846153846154;23.12369230769231
01/09/2025;91.31615384615384;13.05476923076923
01/10/2025;90.04153846153847;10.42976923076923
01/11/2025;89.68846153846154;10.22976923076923
01/12/2025;92.40461538461538;14.679615384615385
